"eggs","You can't make a genuine tempera painting without breaking these"
"collage","Surrealists used odd juxtapositions in this form whose name is French for ""gluing"
"photographs","Edward Steichen led the movement to recognize as art these images, whose name means ""drawn with light"
"claudemonet","In 1920 this impressionist, known for his water lilies, painted another plant, ""Wisteria"
"renaissance","In the 1300s Italy gave birth to this art movement that would eventually sweep across Europe"
"jacksonpollock","This artist used trowels, sticks and even basters to create some of his drip paintings, like ""Cathedral"
"douardmanet","In 1865 he shocked Paris with ""Olympia"", his painting of a reclining nude"
"clay","Ceramics is the art of making objects, even dreidels, out of this material"
"tempera","The name of this type of paint that contains egg yolks almost sounds like a Japanese dish, but don't eat it"
"clowns","Georges Rouault liked to include some tragic ones of these in his works; Red Skelton specialized in them"
"rembrandt","A Gerrit Dou work is sometimes known as ""The Mother of"" this painter with whom Dou studied in 17th century Leiden"
"hudsonriver","19th c. painter Thomas Cole lived in Catskill, N.Y. on this river, whose ""School"" he helped found"
"fragonard","A note formerly on the back of ""Figure de fantasie"" by this Rococo painter says it was done in one hour"
"titian","This Venetian, said his pupil Palma Giovane, ""used his fingers more than his brush"" to finish his lush works"
"ming","This Chinese dynasty that reigned from 1368 to 1644 was known for beautiful vases"
"raphael","Dante Gabriel Rossetti wanted to take art back to ""pre-"" this Renaissance master born in 1483"
"joshuareynolds","We're not joshing--in 1769 this portrait painter got knighted"
"postimpressionist","Roger Fry of the Met coined this term for the works of artists like Cezanne and Gauguin"
"monet","The Regatta at Argenteuil"" shows this Frenchman's love of water subjects, like lilies"
"ashcanschool","Life in the tenements of New York was a favorite subject of this Robert Henri ""School"
"salvadordali","In 1936 Time Magazine featured this mustachioed Surrealist on its cover"
"adameve","In Masaccio's ""Expulsion from Paradise"", an archangel with a sword hovers over this pair"
"paulgauguin","The Nabis were painters in Paris who emulated the primitive style of this artist who left France for Tahiti in 1891"
"albrechtdurer","This artist born in 1471 probably learned everything from his father, a goldsmith, also named Albrecht"
"claesoldenburg","This Swedish-born artist is known for his giant versions of common objects, like burgers or ice cream cones"
"herod","The central figure in a biblical Rubens painting is Salome, who is presenting the head of John the Baptist to this biblical king"
"titian","A rich auburn is named for this Venetian artist, who favored that hair color in his paintings"
"elgreco","It's the nickname of painter Domenikos Theotokopoulos, acquired when he lived in Italy"
"grandmamoses","When arthritis made needlework difficult, she turned to painting copies of Currier and Ives prints"
"hansholbein","1 of this German's first commissions when he moved to England was to paint the family of Sir Thomas More"
"marycassatt","This American Impressionist formed a close friendship with Degas and posed for his ""At the Milliner's"
"henrirousseau","19th century French Primitive artist who painted ""The Snake Charmer"
"impressionists","Manet didn't exhibit with this group but his sister-in-law Berthe Morisot did"
"spanishrepublic","Robert Motherwell painted over 100 versions of ""Elegy to"" this ""Republic"" that Picasso mourned too"
"normanrockwell","He was just 22 when he illustrated his first Saturday Evening Post cover in 1916"
"venus","In 1538 Titian painted this Roman goddess of beauty reclining nude on a bed"
"edgardegas","He painted Mademoiselle Lala hanging by her teeth in the circus, but he's more famous for his ballerinas"
"lautrec","This Frenchman put himself and his cousin Tapie in his 1892 painting ""At the Moulin Rouge"
"salvadordal","This late artist was also a jewelry designer; you might expect his watches to be limp"
"rodin","The ""Thinker"" guards the entrance to the Philadelphia museum devoted to this sculptor"
"raphaelite","An artist dedicated to reviving early Renaissance style and methods is described as ""pre-"" this"
"ramsesii","Egypt's temple of Abu Simbel features 4 figures of this pharaoh carved out of the rock"
"jasperjohns","His paintings of flags and targets at a one-man show in 1958 unleashed a storm of controversy"
"ivory","This gemlike carving material was obtained from walruses as well as elephants"
"toulouselautrec","This diminutive poster artist broke his legs in childhood falls, inhibiting their growth"
"alion","The animal featured both in Rousseau's ""The Sleeping Gypsy"" and ""The Dream"
"picasso","New and unknown in Paris, at 22 he painted ""The Old Guitarist"" in shades of blue that reflected his mood"
"georgesseurat","The most famous ""Sunday Afternoon"" this pointillist painted was on the ""Grand Jatte"
"stainedglass","In the cathedral at Chartres, most of this translucent artwork from the 13th century is still in place"
"coneyisland","Joseph Stella is known for a series of paintings of this amusement park at the southern end of Long Island"
"etchings","(Cheryl of the Clue Crew at Rembrandt's house in Amsterdam)  Rembrandt used metal plates and this oak press to make copies of this type of artwork"
"comedytragedy","19th century sculptor William Rush is famous for this pair of figures he did for a theater in Philadelphia"
"montmartre","Maurice Utrillo's White Period featured streets of this Paris area, also home to Amelie and Toulouse-Lautrec"
"delaware","Emanuel Leutze used the Rhine as a model for his painting of ""Washington Crossing"" this river"
"michelangelo","A pieta now in the cathedral of Florence was originally meant for this artist's tomb"
"claudemonet","He painted a series of ""Haystacks"" before turning to water lilies"
"rembrandt","His ""Anatomy Lesson of Dr. Tulp"" established him as one of Amsterdam's great portrait painters"
"winslowhomer","Northeaster"", an 1895 painting by this American artist, depicts the ocean striking the Maine shore"
"grandmamoses","Born Anna Mary Robertson, this artist died in 1961 at age 101"
"michelangelo","In 1534 Pope Paul III named him painter, sculptor and architect of the Vatican Palace"
"winslowhomer","As a teenager, Andrew Wyeth was inspired by this American seascape artist"
"paulgauguin","In 1888 Vincent van Gogh threatened to kill this artist who was his roommate at the time"
"paris","Maurice Utrillo was famous for his paintings of this city, especially of Montmartre"
"rembrandt","In 1961 the Met purchased his ""Aristotle Contemplating the Bust of Homer"" for $2.3 million"
"rodin","In 1978 3 of his bronzes, including ""The Clenched Hand"", were stolen from the St. Louis Art Museum"
"andrewwyeth","His son Jamie is the day-dreaming boy with the coonskin hat in his 1952 watercolor ""Faraway"
"atriptych","Ususally an altarpiece, it's a painting consisting of 3 separate panels"
"dal","Andre Breton hailed this man's art as ""the most hallucinatory known until now"
"alfredstieglitz","Aptly, Georgia O'Keeffe's first one-woman show was at this man's 291 Gallery"
"realism","Courbet was the leader of this movement; verism is an extreme form of it"
"mosaics","The floor type of this art form originated with pebble floors laid in late-Neolithic Crete"
"toulouselautrec","In 1892 this French artist portrayed dancer La Goulue entering the Moulin Rouge"
"grantwood","This ""American Gothic"" painter operated the Stone City Art Colony to help younger artists"
"titian","In 1543 this Venetian traveled to Bologna to paint the portrait ""Pope Paul III Without Cap"
"paintbrush","The most delicate of these is made of only 150-200 sable hairs, weighing .000529 oz. altogether"
"india","The Mogul school introduced western perspective, not a Hollywood one, to art of this country"
"daguerreotypephotograph","From today painting is dead"", said a French artist upon seeing this type of picture in 1839"
"marycassatt","Highest price for painting by a female was $1.1 mil. for ""Reading Le Figaro"" by this U.S. artist"
"francoisi","In 1517, this French king and patron of Da Vinci orig. bought the ""Mona Lisa"" to hang in his bathroom"
"vangogh","In 1888 he painted his ""House at Arles"", his ""Bedroom at Arles"" and several still lifes of sunflowers"
"andywarhol","At a 1989 auction, this pop artist's ""Shot Red Marilyn"" sold for $4.07 million"
"spring","Of winter, spring, summer or fall, the alternate title of Botticelli's painting ""Primavera"
"cross","Noted Rubens works include the ""Raising of"" and ""Descent from"" this religious symbol"
"georgesegal","Like most of his works, this American sculptor's ""The Diner"" features figures cast from living models"
"grandmamoses","This beloved folk artist painted ""Look, It's A New Little Colt"" in 1945, when she was in her '80s"
"spring","The title of Botticelli's famous painting ""Primavera"" means this season of the year"
"benitomussolini","Peter Blume's 1930 painting ""The Eternal City"" depicts this fascist as a surreal green jack-in-the-box"
"claudemonet","This Frenchman finished his paintings of ""Poplars"" before he began his ""Water Lily"" murals"
"constantinbrancusi","From 1912 to 1933 this ""Bird In Space"" sculptor created a series of abstract busts of ""Mademoiselle Pogany"
"sistinechapel","El Greco told Pope Pius V he could improve this room by getting rid of Michelangelo's frescoes"
"hansholbein","Name shared by father and son 16th century German painters known as ""The Older"" and ""The Younger"
"jesus","He's the man in ""A Man of Sorrows""'s image"
"claudemonet","His 1872 work ""Impression Sunrise"" not only left an impression, but named a whole movement"
"cubism","This style of Picasso and Braque was broken into 2 phases, analytic and synthetic"
"jacksonpollock","He poured and splattered paint onto the canvas to make his ""Autumn Rhythm:  Number 30, 1950"
"hansholbein","This ""Younger"" German's 1540 portrait of England's Henry VIII is in Rome's Galleria Nazionale"
"andywarhol","100 Soup Cans"
"pablopicasso","Guernica"
"claudemonet","Water Lilies"
"david","Michelangelo spent 3 years, 1501-4, sculpting this Goliath-size statue"
"engraving","This art practiced by William Blake precedes ""Printing"" in the name of a U.S. bureau"
"action","To film Jackson Pollock at work, you'd say, ""Lights!  Camera!"" this type of painting"
"keane","Last name of former husband and wife Walter and Margaret, known for painting large-eyed waifs"
"diegorivera","In 1922 he painted his 1st major mural, ""Creation"", at the National Preparatory School in Mexico City"
"medicis","Botticelli featured members of this prominent family in his ""Adoration of the Magi"
"stabiles","It's what Alexander Calder called his stationary sculptures"
"franciscogoya","You can see his ""Majas on a Balcony"" at the Metropolitan Museum of Art"
"christo","In 1983 he skirted 11 islands in Biscayne Bay with sheets of pink plastic"
"china","The artists known as The Four Wangs rose to prominence under this country's Ch'ing Dynasty"
"louvre","Delacroix' dramatic historical painting of the ""Massacre At Chios"" is in this Paris museum"
"round","It's the shape of a tondo, a type of painting popular in the 15th century"
"salvadordali","Once a cubist, this Spaniard from Figueras turned to surrealism after going to Paris in 1928"
"abstract","This word that often precedes expressionism is derived from the Latin for ""drawn off"" or ""drawn away"
"caricatures","As a youngster, Claude Monet did these exaggerated portraits popular with today's street artists"
"monalisa","The Portrait of a Lady on a Balcony"" done around 1504-14 and hanging in the Louvre is better known as this"
"oils","The Van Eyck bros. weren't the 1st to use these paints, though sometimes creditied with it; they date back much earlier"
"salome","Gustave Moreau was well known as a painter of this Biblical dancer"
"asnowstorm","As it's what J.M.W. Turner did best, ""Hannibal and His Army Crossing the Alps"" is set during one of these"
"yokoono","A recent show of her works at the Whitney Museum included bronzes of her art made before she was Mrs. John Lennon"
"rembrandt","Back in 1961 his ""Aristotle Contemplating the Bust of Homer"" brought a record price of $2.3 million"
"stabiles","Jean Arp coined this term to describe the non-mobile works of Alexander Calder"
"saturn","One of Goya's works depicts this father of Jupiter ""devouring his children"
"georgespompidou","Also known as ""Beaubourg"", the Paris Center for the Contemporary Art is named after this French president"
"rembrandt","Grime darkened the daytime setting of this artist's work, causing it to be misnamed ""The Night Watch"
"titian","This Venetian master was born Tiziano Vecellio"
"toulouselautrec","This French impressionist's 1893 ""Trapeze Artist At The Medrano Circus"" was painted on cardboard"
"marcchagall","While serving as art director of the Moscow State Jewish Theater, he painted murals and designed sets"
"renaissance","Giotto's realistic technique revolutionized painting and was a strong influence on this art era of the 1400s"
"australia","One exhibit at this country's 1982 Sydney biennial was the creation of the largest indoor sand painting"
"black","Hard to tell, but Frans Hals is said to have used 27 different shades of this--look at the garb of ""Adriaen Van Ostade"
"dianearbus","Revelations "", an exhibit of her photos of '50s and '60s weirdos, has been seen in San Francisco, L.A. and New York"
"ceiling","The part of the Sistine Chapel on which Michelangelo painted Adam's fall"
"sigmundfreud","Beds and couches are common props in the paintings of this psychoanalyst's grandson Lucian"
"paulrevere","One of the few portraits of colonial craftsmen is Copley's painting of this silversmith"
"currierives","They were first partnered in 1857; their sons carried on the print firm until 1907"
"grantwood","The book ""Iowans of Impact"" calls him ""Anamosa's famous artist"
"opart","Modern movement that is named for the optical illusions created by its geometric patterns"
"calligraphy","Greek for ""beautiful writing"", it's the art of beautiful handwriting"
"sistinechapel","Building in which you'd find Michelangelo's masterpiece ""The Creation of Man"
"prado","You can see ""The Maid of Honor"" by Velazquez in this Madrid museum"
"halos","Medieval artists gave triangular ones to the trinity, round to the angels and rectangular to living holy people"
"rembrandt","Originally full of light and color, his 1642 work was so darkened by grime and smoke it's now called ""The Night Watch"
"claudemonet","Artist who was the initiator and leader of the impressionist movement; he's famous for his haystacks"
"dadadadaism","This nihilistic movement in the arts is named for a French word for hobby horse"
"moon","Romantic painters liked nighttime, as in Friedrich's 1822 canvas showing this rising over the sea"
"mosaics","The Byzantines kept busy making these, in which small pieces form big pictures on floors, walls and ceilings"
"arelief","A woodcut is this raised type of printing, also a kind of map"
"popart","This movement began in 1950s Britain, but it's based on American mass media and advertising images"
"busts","Around 1450, with big commissions drying up, sculptors turned to these head-and-shoulders portrait pieces"
"williamhogarth","This ""Rake's Progress"" satirist was a British patriot, as seen in his 1748 work ""O the Roast Beef of Old England"
"nile","Coptic art, which developed in this river valley, was inspired by the Hellenistic style of Alexandria"
"wax","Encaustic painting, practiced by the ancient Greeks, uses this melted insect substance as a binder"
"diegorivera","This muralist was only 10 when he began studying at Mexico City's Academy of San Carlos"
"canaletto","Giovanni Antonio Canal was the real name of this artist known for his paintings of Venice"
"henrymoore","The Bronze Family Group sculpted by this Englishman in the 1940s is in the Museum of Modern Art"
"jameswhistler","This artist's mother could have told you he was greatly influenced by French painter Gustave Courbet"
"fresco","This kind of painting on plaster was a speciality of 15th c. artist Piero della Francesca"
"franciscogoya","This Spaniard's brother-in-law, court painter Francisco Bayeu, helped him get commissions in the 1770s"
"williamhogarth","Strolling Actresses Dressing In a Barn"" is a 1738 engraving by this English satirist"
"caricature","It's the 4-syllable term for a satirical portrait that exaggerates or distorts a person's features"
"watercolor","Gouache is a type of this painting technique; its name comes from guazzo, Italian for ""puddle"
"elginmarbles","Now in the British Museum, the sculptures known as these marbles once adorned the Parthenon"
"augusterodin","This great French sculptor sculpted ""The   Kiss"" in 1886"
"grapes","Legend says that ancient Greek Zeuxis painted a bunch of these so realistically, birds tried to eat them"
"calais","In 1884 Rodin was commissioned to create a monument to ""The Burghers of"" this French seaport"
"winslowhomer","A seascape by this American artist is seen here"
"pointilism","Disciple Paul Signac helped Georges Seurat develop this signature painting technique"
"pastels","These colored chalklike sticks are made with a pigment and a weak adhesive such as gum tragacanth"
"michelangelo","In 1546 Pope Paul III appointed this artist architect of St. Peter's Basilica"
"fresco","The final layer of plaster prepared for this type of wall painting is called intonaco"
"americangothic","In 1930 Grant Wood's reputation was established by a Chicago showing of this painting"
"marycassatt","She was commissioned to paint a mural for the woman's building at the 1893 Columbian Exposition"
"lastsupper","The Italian name of this 15th century masterpiece is ""L'Ultima Cena"
"italy","The Renaissance began in this country"
"americanflag","A furor erupted over a student exhibit in Chicago when 1 of these was placed on the floor"
"vermeer","His art sold well, but this Delft painter produced few works and died broke"
"andrewwyeth","Painter known for his portrayal of a polio victim named Christina Olson"
"claudemonet","At his home in Giverny, this artist created the water lily pond that inspired his paintings"
"gothic","Renaissance writers gave medieval architecture this barbarian name because they thought it ugly"
"abstractexpressionism","The roots of this kind of ""expressionism"" are seen in the works of Wassily Kandinsky"
"popart","Fathers of this modern style include Claes Oldenburg, George Segal and Roy Lichtenstein"
"sphere","Cezanne said, ""Treat nature in terms of the cylinder,"" this shape and ""the cone, all in perspective"
"salvadordali","This 20th century Spanish artist called his works ""Hand-painted dream photographs"
"moorish","Term for Spain's Islamic art, it comes from the Muslim group that conquered the country in the eighth century"
"florence","The starting point and center of early Renaissance art was in this Italian city"
"rijksmuseum","Many Rembrandt masterpieces hang in this ""national museum"" in Amsterdam"
"landscapes","John Constable is best known for painting these"
"wassilykandinsky","With works titled ""White LIne"" and ""Blue Segment"", this Russian has been called the first abstract painter"
"perspective","This technique, from Latin for ""to look through"", began in Western painting in works like the one seen here"
"cubism","In his ""Homage to Picasso"", Spanish artist Juan Gris tried his hand at this movement"
"wax","Batik is painting on cloth to which this substance has been applied"
"petergreat","In 1766 Etienne-Maurice Falconet was called to Russia to make a huge equestrian sculpture of this man"
"michelangelo","He said he painted one his masterpieces with his ""beard turned up to heaven"
"pablopicasso","Utrillo's ""White Period"" lasted circa 1908-1914, longer than this artist's ""Rose Period"" from 1904-1906"
"paulgauguin","In 1892 he painted ""Vahine No Te Vi.  Woman With Mango"
"stilllife","It's the common English term for the type of painting the French call une nature morte"
"toulouselautrec","Dancer Louise Weber, one of his most famous subjects, was known as ""La Goulue"" -- The Glutton"
"renemagritte","Hats off to this Belgian whose 1926 painting ""The Menaced Assassin"" features men in bowler hats"
"acanvas","It can mean the closely woven durable cloth on which oil paintings are made or refer to the painting itself"
"johnconstable","In Britain the last name of this British painter (1776-1837) means ""police officer"
"renemagritte","This Belgian artist's painting ""Threatening Weather"" includes a cloud shaped like a tuba"
"rococo","The name of this heavily decorated and frothy 18th century style was coined by Maurice Quai as a term of ridicule"
"grandmamoses","Appropriately, this grandmother of American folk art painted ""Over the River to Grandma's House"
"thomasgainsborough","This Englishman painted a ""Girl with Pigs"" as well as ""The Blue Boy"
"woodpanel","The Mona Lisa was painted in oil on this, not canvas"
"civilwar","Winslow Homer's ""Prisoners from the Front"" is a scene from this war"
"pablopicasso","On May 9, 1989 a self-portrait by this artist went for a whopping $47.85 million"
"fauvismfauves","Meaning ""like a wild beast"", it's the art movement associated with Matisse"
"fragonard","(VIDEO DAILY DOUBLE):<br />Artist whose most famous painting, seen here (""The Swing""), is an example of the Rococo style:"
"michelangelo","He snuck a self-portrait into his ""The Last Judgment"" fresco in the Sistine Chapel"
"lautrec","At the Moulin Rouge"" took this French artist to new heights of fame"
"salvadordali","Melted watches dot the landscape in this Spaniard's ""The Persistence of Memory"
"sandrobotticelli","You have to have a big wall for his circa 1480 work ""The Birth of Venus""; it's over 5' X 9"
"jacksonpollock","This drip artist was born in Cody, Wyoming in 1912"
"georgesseurat","He spent several summers painting pointillist seascapes including ""Le Bec Du Hoc, Grandcamp"
"augusterodin","His sculpture, ""The Age of Bronze"", exhibited in 1877, was inspired by Michelangelo"
"henrymoore","You can see this British sculptor's ""Reclining Mother and Child"" at the Walker Art Center in Minneapolis"
"pollock","In 1956 Time magazine dubbed this abstract expressionist ""Jack the Dripper"
"janvermeer","This Dutch master served as chairman of the Delft Artists' Guild from 1662-63 and 1670-71"
"watercolor","Aquarelle is a transparent, rather than opaque, type of this painting, as seen in Paul Klee's work ""Quarry"
"salvadordali","Andre Breton anagrammed this surrealist's name as ""Avida Dollars"
"marycassatt","This American female impressionist modeled for many of Degas' works, including ""At the Milliner's"
"michelangelo","Upon completing the ceiling of the Sistine Chapel in 1512, he wrote to his father, ""The pope is well satisfied"
"andywarhol","This pop artist's studio was known as ""The Factory"
"andrewwyeth","In 1963 this ""Christina's World"" artist became the first painter to receive the Presidential Medal of Freedom"
"paulgauguin","He painted ""Tahitian Women"" shortly after arriving on that island in 1891"
"winslowhomer","On September 29, 1910, this painter known for his seascapes died in his studio in Prouts Neck, Maine"
"scallopshell","In Botticelli's ""Birth of Venus"", Venus is standing on this"
"watercolor","This style of painting is characterized by broad transparent areas of paint called washes"
"thomasgainsborough","In the 1740s this ""Blue Boy"" painter worked as a restorer of paintings for art dealers"
"whaam","A caption on this famous Lichtenstein painting reads in part, ""...ahead of me rockets blazed through the sky"
"titian","In 1516 he succeeded Giovanni Bellini as state painter of the government of Venice"
"janvermeer","This Dutch painter, a member of the Delft Guild, had a total output of only about 40 pictures (one with a pearl)"
"medusa","Gericault's most famous work, ""The Raft of"" this ship, was based on a historic event and caused a political scandal"
"americangothic","This American masterpiece has been widely satirized; the sign of a true classic"
"augusterodin","A Philadelphia museum devoted to this ""Thinker"" sculptor has a bronze cast of his ""Burghers of Calais"
"anseladams","His collections include ""My Camera in Yosemite Valley"" and ""Portfolio Two: The National Parks"
"claudemonet","He was nearly blind when he painted his series of ""Water Lilies"
"blueboy","Seen here, he's the most famous occupant at California's Huntington Library"
"astaircase","Marcel Duchamp's most famous painting is ""Nude Descending"" this"
"edvardmunch","His ""Vampire"" painting from 1893 just might make you ""Scream"
"marycassatt","Four of her works, including the one seen here, were recently featured on U.S. stamps"
"impressionism","Gauguin collected art by painters of this movement, like Pissarro and Monet and exhibited with them from 1880 to 1882"
"renemagritte","This Belgian surrealist painted a pipe and the words ""Ceci n'est pas une pipe"" (""This is not a pipe"")"
"marycassatt","Around 1884 Edgar Degas painted the portrait seen here of this fellow impressionist"
"venice","Canaletto was noted for his vedute, or views, of this canal city, his birthplace"
"ophelia","(VIDEO DAILY DOUBLE): Sir John Everett Millais painted an 1852 portrait of this Shakespearean heroine, seen here"
"normanrockwell","On a Saturday evening you might want to read his 1960 autobiography ""My Adventures As An Illustrator"
"vienna","Gustav Klimt was a founding member and first president of this Austrian city's Sezession movement"
"franciscogoya","The Prado boasts a fine portrait of 18th century artist Francisco Bayeu by this Spaniard, his brother-in-law"
"michelangelo","In 1501 he was commissioned to make a statue of David for the cathedral of Florence"
"salvadordal","Figueres, Spain and St. Petersburg, Florida have museums devoted to this Surrealist"
"andywarhol","In 1968 Valerie Solanas shot this pop artist; at one point he was declared clinically dead, but he survived"
"raphael","Sanzio is the last name of this master of the Italian High Renaissance known for his Madonnas"
"michelangelo","He was in his 20's when he sculpted the ""Pieta"", now in St. Peter's Basilica"
"paulgauguin","He painted tropical landscapes on Martinique before he moved to Tahiti"
"edgardegas","This Frenchman painted many portraits of ballet dancers including ""Dancer With a Fan"" in 1879"
"diegovelasquez","This Spanish court artist's 1620s painting ""Los Borachos"" or ""The Drinkers"" is in the Prado"
"rembrandt","This Dutchman's brother Adrian may have been the model for his ""The Man With the Golden Helmet"
"louvre","Around 1850, you could find Eugene Delacroix painting the ceiling of this French museum's Salon d'Apollon"
"pablopicasso","This Spaniard painted some dreary-looking clowns during his Blue and Rose Periods in the early 1900s"
"edgardegas","Maybe it's just me, but I'd rather look at his ballerinas than the ""Two Laundresses"" he drew in the 1880s"
"paulgauguin","His pictures of Tahitian women with spirits include ""Manao Tupapau (The Specter Watches Over Her)"
"grantwood","This ""American Gothic"" artist was an asst. professor of fine arts at the Univ. of Iowa in 1934"
"roylichtenstein","Known for such works as ""Blam!"", he drew maps for the U.S. Army in Europe during WWII"
"diegorivera","This muralist's birthplace in Guanajuato, Mexico is now a museum devoted to him"
"ashcanschool","The group led by Robert Henri and known as The Eight later became known as this ""school"
"monalisa","Marcel Duchamp's ""L.H.O.O.Q."" put a mustache and goatee on a postcard reproduction of this masterpiece"
"busts","Charles Despiau is best known for these head-and-shoulders sculpted portraits"
"abstract","In art class, ""A"" is for this style of art that doesn't represent objects"
"spiritof","For this revolutionary image, Archibald Willard originally showed the 3 musicians in a July 4th parade"
"salvadordali","This Spanish surrealist collaborated on 2 films with Luis Bunuel, ""Un Chien Andalou"" and ""L'Age D'Or"
"moulinrouge","Toulouse-Lautrec's 1892 painting ""At"" this music hall features portraits of himself, his cousin and other patrons"
"paulgauguin","This Frenchman considered ""Where Do We Come From?  What Are We?  Where Are We Going?"" to be his ""Best Canvas"
"marcchagall","This Russian-born artist designed the stained glass windows for Jerusalem's Hadassah-Hebrew Medical Center"
"potatoeaters","In this work, Van Gogh captured the misery of a family gathered around a table dining only on a plate of spuds"
"augusterodin","This ""Thinker"" sculptor was denied admission to the School of Fine Arts in Paris 3 times"
"franciscogoya","This Spaniard included Velazquez's ""Las Meninas"" in his ""Family of Charles IV"" seen here"
"marcchagall","His 1911 oil painting ""I And The Village"" depicted scenes of life in his native Vitebsk, Russia"
"artnouveau","The name of this art style is derived from a Paris shop opened in the 1890s by dealer Siegfried Bing"
"grandmamoses","She began painting in 1938 at age 78; a year later her landscapes were exhibited at NYC's Museum of Modern Art"
"nightwatch","(Cheryl of the Clue Crew in Amsterdam at Rembrandt's house) Under a lean-to in this courtyard, Rembrandt painted 1642's ""Sortie of a Company of Captain Banning Cocq"", also known as this"
"titian","This Venetian put St. Peter, not Mary and Jesus, at the center of his ""Madonna of the Pesaro Family"
"janvermeer","2 of this artist's most famous landscapes, ""View of Delft"" and ""Street in Delft"", are scenes from his hometown"
"napoleonbonaparte","He commisioned Jacques-Louis David to paint his 1804 imperial coronation"
"sanchopanza","Honore Daumier created several works portraying Don Quixote and this squire"
"edvardmunch","He painted ""Vampire"" in 1893, the same year he painted ""The Scream"
"henrirousseau","Unpleasant Surprise"" by this primitive painter of ""The Hungry Lion"" shows a woman menaced by a bear"
"marycassatt","This American woman impressionist posed for several of Degas' works, including ""At The Milliner's"
"andywarhol","This pop artist and filmmaker appeared on the television program ""The Love Boat"
"salvadordal","In the late '30s this Spaniard began painting in a more academic style and was expelled by the Surrealists"
"winslowhomer","Inside the Bar, Tynemouth"" shows this Maine-based artist's mastery of the watercolor medium"
"malta","After assaulting a fellow knight, Caravaggio fled this island"
"bauhaus","Wassily Kandinsky joined Gropius at this design school in 1922 and remained there until 1933"
"blueboy","Jonathan Buttall is the young man in this ""colorful"" work by Thomas Gainsborough"
"claudemonet","Impressionism got its name thanks to his painting ""Impression: Sunrise"
"titian","A reddish-brown color is named for this Venetian artist who used the color frequently in his paintings"
"alexandergreat","This 4th century B.C. conqueror was said to let no one but the sculptor Lysippus do his portrait"
"raphael","This single-named Renaissance artist who died in 1520 was regarded in the 19th century as the greatest painter ever"
"diegovelasquez","For 37 years, 1623 to 1660, he painted Philip IV of Spain and his family, court and jesters"
"abstractexpressionism","Elaine de Kooning, Willem's painter wife, wrote ""The Spirit of"" this 2-word art movement of the 1940s and '50s"
"thames","From 1899-1904 Claude Monet created a series of paintings of this English river"
"lafayette","Samuel Morse's 1825 painting of this marquis is one of the finest American romantic portraits"
"caravaggio","Manfredi, Saraceni, and other followers of this artist were known as the Caravaggisti"
"milan","In 1482 Leonardo Da Vinci moved to this city to become its court artist to Ludovico Sforza"
"modigliani","This Italian painted a characteristically elongated self-portrait in 1919, shortly before his death"
"michelangelo","In the 1550s this artist and sculptor was architect for the Palazzo Farnese"
"henri","First name shared by French artists Toulouse-Lautrec and Matisse"
"diegorivera","Out of favor with the leftists in Mexico, he created murals in the U.S., like one in the Detroit Inst. of Arts"
"johnconstable","The Hay Wain"" helped this British landscape artist win a gold medal at the Paris Salon of 1824"
"michelangelo","This ""Pieta"" sculptor's statue of Bacchus is in the Bargello in Florence"
"paulgauguin","Parisian who painted the distinctly non-Parisian work seen here"
"claudemonet","In 1895 this impressionist finished his famous series of paintings of Rouen Cathedral"
"paulgauguin","In October 1888 this painter joined Van Gogh in Arles; he fled after that ugly ear incident"
"henrimatisse","The Dance"", also the title of the work seen here, was one of this artist's favorite scenes"
"claudemonet","In November 1998 the Getty Museum bought his seminal 1870s painting ""Impression: Sunrise"
"diegovelazquez","This 17th century Spaniard created the intriguing and complex portrait seen here<br />(""Las Meninas"")"
"thomasgainesborough","The influence of Van Dyck can be seen in his ""Blue Boy"" and other works"
"moscow","Ilya Yefimovich Repin's ""Ivan The Terrible With The Body Of His Son"" is in this city's Tretyakov Gallery"
"delft","Carel Fabritius, Rembrandt's finest student, died in a 1654 explosion in this Dutch pottery city"
"lastsupper","Veronese's and Tintoretto's versions of this Biblical meal each depict a dog"
"stilllife","This term for a painting of inanimate objects is from the Dutch ""stilleven"
"napoleon","Antonio Canova's nude ""Mars the Peacemaker"" statue wasn't liked by its subject, this French emperor"
"arachne","The Spinners"" by Diego Velazquez is based on this mythical spinner"
"venice","In the 1700s many visitors to this Italian city bought Canaleto's paintings of its canals"
"henryeighth","In 1553 Hans Holbein the Younger painted the French ambassadors to this English king's court"
"gauguin","Take a look at the monitor players: French ex-patriate who painted the following in 1896"
"mexicocity","Diego Rivera created a mural called ""Creation"" for the National Preparatory School in this capital city"
"tintoretto","Jacopo Robusti became known by this name because his father was a dyer, or tintore"
"marilynmonroe","She's the subject of Andy Warhol's 1962 ""Marilyn Diptych"
"thomasgainsborough","An X-ray of his ""Blue Boy"" has revealed the figure of a small dog that was painted out"
"sistinechapel","In 1481 Botticelli led a group of painters in frescoing this newly erected Vatican chapel"
"franciscogoya","His portrait of the Duchess of Alba in a Maja costume is at NYC's Hispanic Society of America"
"salvadordali","This Spaniard painted religious works like the ""Madonna of Port-Lligat"" and those famous melting watches"
"toulouselautrec","In 1892 this French artist painted the nightclub waltzers seen here:"
"louisxv","Francois Boucher, known for his portraits of Mme. de Pompadour, was named first painter to this king in 1765"
"peaceablekingdom","This famous series of paintings by Edward Hicks depicts animals living together in peace and harmony"
"jacksonpollock","Helen Frankenthaler's ""soak and stain"" technique was inspired by this artist's drip paintings"
"guernica","Picasso painted this work as a protest against the bombing of a town in the Spanish Civil War"
"gauguin","One of his last paintings before his 1903 death in the South Pacific was a landscape of Brittany in winter"
"fridakahlo","In her 1949 painting ""Diego and I"", Diego Rivera is depicted on her forehead"
"samuelmorse","This 19th century inventor's notable portraits included those of the Marquis de Lafayette and William Cullen Bryant"
"germany","Expressionist movements that started in this country included ""The Bridge"" and ""The Blue Rider"
"aristotle","(Cheryl of the Clue Crew at Rembrandt's house in Amsterdam)  Rembrandt did much of his work in this studio, including this philosopher ""Contemplating the Bust of Homer"
"henrimatisse","French Fauvist famous for his 1905 ""Woman with a Hat"" and a mural in a Pennsylvania museum"
"michelangelo","The artists who covered nudity painted by him in the Sistine Chapel were called ""breeches makers"
"georgeiii","In 1792 Thomas Lawrence succeeded Sir Joshua Reynolds as principal painter to this king"
"edvardmunch","Paal Enger, one of those who stole his ""The Scream"" in Oslo in 1994, was sentenced to prison in 1996"
"roylichtenstein","This pop artist of comics-inspired images was awarded the National Medal of Art in 1995"
"michelangelo","The Holy Family"" is the only surviving panel painting by this ""Pieta"" artist"
"magi","Hugo van der Goes painted ""The Adoration of the Shepherds"" and ""The Adoration of "" this trio"
"napoleon","In 1810 Jacques-Louis David painted this emperor distributing eagle-topped standards"
"edvardmunch","After a nervous breakdown in 1908, he became more positive and painted lovely murals for the University of Oslo"
"cubism","Along with Picasso and Braque, Juan Gris was a leading member of this movement"
"rodin","Sculptures of his at the Musee d'Orsay include ""Balzac"" and ""L'hiver"
"diegorivera","Frida Kahlo married him in 1929; they divorced in 1939 and remarried in 1940"
"henrimatisse","This ""Joy of Life"" Fauvist studied law, but turned to painting when recuperating from an operation (Good choice!)"
"johnconstable","In 1824 this British landscape painter's ""The Hay Wain"" received a gold medal at the Paris Salon"
"vangogh","His 1888 work ""The Sower"" is in the collection of the Amsterdam museum named for him"
"fresco","Italian for ""fresh"", this type of wall painting has paint fusing with plaster"
"rodin","The Poet"" was an earlier title for this French sculptor's ""The Thinker"
"impressionism","Renoir and Monet were part of this art movement that tried to capture what the eye sees at a particular moment"
"homer","A famous Rembrandt painting shows ""Aristotle Contemplating the Bust of"" this ancient poet"
"claudemonet","He depicted a poppy field in a hollow near Giverny in the painting seen here"
"elgreco","Appropriately, one of this painter's views of Toledo can be seen at his museum in Toledo, Spain"
"albrechtdurer","He's the great 16th century German artist seen here in a self-portrait"
"manet","This ""Bar at the Folies-Bergere"" artist painted several portraits of Impressionist Berthe Morisot, his sister-in-law"
"chagall","His 1911 painting ""I and the Village"" uses the simple shapes of Russian folk art"
"andrewwyeth","During his career he produced about 240 paintings and drawings of the same woman--Helga Testorf"
"winslowhomer","This New England painter once said, ""Never put more than two waves in a picture; it's fussy"
"peggyguggenheim","In 1943 Jackson Pollock had his first solo exhibit at ""Art of this Century"", this woman's NYC gallery"
"andywarhol","This pop artist's 1962 painting ""Green Coca-Cola Bottles"" is in the Whitney Museum"
"versailles","In 1881 Manet painted the garden of a villa he rented in this French city noted for its palace"
"florence","Michelangelo's statue of Bacchus is among the art treasures in the Bargello in this Italian city"
"claudemonet","This impressionist's 1890s paintings of Rouen Cathedral are noted for their use of atmosphere"
"johnconstable","2 of England's finest landscape artists were J.M.W. Turner and this man whose work is seen here:"
"salvadordali","You may remember there are 3 melting watches in his ""The Persistence of Memory"
"rembrandt","On October 4, 1669 he died in poverty in Amsterdam"
"alexandercalder","Famous for his mobiles, he painted a DC-8 in 1973 and a 727 in 1975"
"photography","Berenice Abbott made her name in this field; she began as Man Ray's assistant"
"edwardhopper","For the White House, Jackie Kennedy chose ""Houses of Squam Light"" by this ""Nighthawks"" artist"
"chagall","This Russian-born French painter served as art director of the Moscow Jewish State Theater from 1919 to 1922"
"renmagritte","In 1926 this Belgian artist produced his first surrealist work, ""Le Jockey Perdu"
"leroyneiman","In 1976 this sports artist was presented with an award of merit from the American Athletic Union"
"monet","His only figure portrait accepted for the salon was of his mistress Camille Doncieux, who in 1870 became his wife"
"donatello","Bertoldo di Giovanni was a student of this great Florentine sculptor and a teacher of Michelangelo"
"monalisa","For one of his works, Marcel Duchamp added a beard and mustache to a print of this da Vinci lady"
"moses","In the 1570s Tintoretto painted this Biblical figure ""Striking The Rock"
"cubism","Picasso described this art movement as ""An art dealing primarily with forms"
"edouardmanet","This impressionist's depiction of a nude picnicker in ""Luncheon On The Grass"" created a scandal in 1863"
"edwardhopper","You can see his most famous work, ""Nighthawks"", at the Art Institute of Chicago"
"renemagritte","In this Belgian surrealist's 1928 work ""Threatening Weather"", the clouds have the shapes of a tuba, a chair and a torso"
"toulouselautrec","His several ""At the Circus"" drawings from 1898 include ""The Tandem"", ""Acrobats"" and ""Rehearsing"
"marycassatt","In 1879 she became the first and only American woman to exhibit with the Impressionists"
"saskia","(Sofia of the Clue Crew at the front of Rembrandt's home in Amsterdam)  Sadly, 3 years after Rembrandt moved into this house, this wife and portrait subject passed away"
"laocoon","The statue here shows this priest killed by sea serpents when he gave warnings about the Trojan Horse"
"gainsborough","X-rays of his ""Blue Boy"" show that he painted over a dog in the lower right corner"
"moore","Frank Stella used ordinary house paint and named a series after this line of paints founded by a man named Benjamin"
"candlelight","The pre-electric illumination used in his pictures gave Trophime Bigot the title ""master"" of this type of light"
"jasperjohns","You could say this alliterative American did his own paint by numbers with series like ""0 Through 9"
"lima","Gauguin's mom was Peruvian, and from 1851 to 1855 he lived with her in this capital city"
"horses","In 1766 George Stubbs, a noted painter of these animals, published a book on their anatomy"
"jacksonpollock","This abstract artist's method of applying paint, as in ""Autumn Rhythm"", earned him the nickname ""Jack the Dripper"
"renaissance","In the early 1400s Robert Campin and Jan Van Eyck helped start the ""Northern"" one of these movements"
"hamlet","Delacroix' 1859 painting of this Shakespearean hero ""And Horatio In The Graveyard"" is in the Louvre"
"edinburgh","David Roberts, who has been called the ""Scottish Canaletto"", was born in this capital in 1796"
"gauguin","In 1899 he painted ""Tahitian Women with Mango Blossoms"
"toledo","A famous c. 1595 landscape by El Greco shows a ""View of"" this Spanish city"
"nighthawks","A restaurant on New York's Greenwich Avenue inspired this 1942 Edward Hopper painting"
"pietmondrian","He called his abstract style in paintings like ""Composition with Red, Yellow and Blue"" Neoplasticism"
"rodin","His sculpture of Victor Hugo got a ""miserable"" reaction; later it was placed on the avenue named for Hugo"
"augusterenoir","Monet and this fellow Impressionist often painted the same scene, like Monet's wife and son in 1874"
"montmartre","Maurice Utrillo often painted scenes of this area of Paris and its best-known landmark, Sacre Coeur"
"duchamp","This Dadaist exhibited ready-mades like ""Fountain"", a urinal that he signed R. Mutt"
"pietmondrian","In 1940 this Dutch abstract artist moved to NYC, which influenced his masterpiece ""Broadway Boogie-Woogie"
"venus","Fittingly, Francois Boucher painted ""The Toilet of"" this Roman goddess for Madame de Pompadour"
"florence","Donatello was born in this city, where he assisted Ghiberti in finishing the bronze doors of the baptistery"
"napoleon","Antonic Canova created 2 gigantic nude statues of this emperor (oddly, one was given to the Duke of Wellington)"
"christina","Known for his religious art, Sebastien Bourdon served as court painter to this queen of Sweden in the 1650s"
"rodin","Dying Centaur"" artist Antoine Bourdelle spent years as chief assistant to this more famous French sculptor"
"henrymoore","This British abstract sculptor of ""Madonna and Child"" drew Londoners in the Underground during the blitz"
"botticelli","He was in his prime--or should we say his ""Primavera""--when he painted ""Fortitude"" in 1470"
"marcelduchamp","This ""Nude Descending a Staircase"" artist also painted ""The King and Queen Surrounded by Swift Nudes"
"constantinbrancusi","This Romanian known for his ""Endless Column"" also sculpted the scandalous ""Princess X"
"pablopicasso","It was recently revealed that ""Tragedy"" from his Blue Period was painted over 2 earlier works of a bullfight"
"jacksonpollock","Time magazine dubbed this abstact expressionist ""Jack the Dripper"
"edvardmunch","In 1963, his centennial, a museum honoring this artist opened in Oslo; visitors say it's a scream"
"christo","Javacheff is the last name of this Bulgarian-born ""wrap"" artist"
"franciscogoya","(VIDEO DAILY DOUBLE):<br />Around 1800 this artist painted the 2 views of the woman seen here:"
"michelangelo","In his final years, he worked on pietas that are less famous than the one he created for the Vatican"
"pablopicasso","This great 20th century Spanish artist painted ""The Blue Room"" during his Blue Period"
"toulouselautrec","In short -- very short -- he not only painted ""At the Moulin Rouge"", he hung out there"
"augusterodin","(Alex: Welcome to an outdoor museum of sculptures by Swedish artist Carl Milles)  Carl Milles' early work was influenced by this French sculptor of ""The Kiss"
