"croutons","While these small bread cubes often top salads, larger versions can be used to catch drippings"
"steaktartare","A raw egg yolk usually accompanies this raw meat dish"
"squash","Butternut refers to both an actual nut and this type of gourd"
"afrittata","It's an Italian version of an omelet, served pancake-style"
"potatocabbage","They're the two common vegetables in the English dish bubble and squeak"
"raisins","Some say these dried treats are tastier made from seeded grapes than from seedless ones"
"ham","Juniper is used to smoke Germany's Westphalian form of this meat"
"ricepudding","Riz A L'Imperatrice is an elegant version of this homey dessert"
"herring","The Bismarck type of this fish is made of fillets cured in vinegar, salt and onions"
"mustard","Varieties include Chinese and Dijon"
"pasta","Type of food that comes in shapes of bow ties, elbows and wagon wheels"
"anavocado","Also known as an alligator pear"
"anartichoke","California vegetable with a crown and a heart"
"brownies","The non-chocolate version are called ""blondies"
"asparagus","This stalked vegetable is commonly cooked standing up in the pot"
"oncob","Emily Post says corn should never be served this way at a formal dinner"
"gherkin","A cucumber pickled when it's only 2-3 inches long is called this"
"fettucinealfredo","Ribbon-shaped noodles, sweet butter, cream, parmesan cheese and black pepper make up this pasta dish"
"gnocchi","From Italian for ""knot in wood"", it's a dumpling made from flour, semolina or potato starch"
"butter","With far less fat than margarine, Le Slim Cow is a French substitute for this dairy product"
"porkrinds","President Bush likes to eat these pigskin treats with Tabasco sauce"
"pomegranate","The prophet Mohammed advised, ""Eat"" this many-seeded fruit, ""It purges the system of envy and hatred"
"waterbuffalo","Bufala Mozzarella is made from the milk of this type of buffalo, not bison"
"ladyfingers","To make Charlotte Russe, line your mold with these cakes"
"virginia","To earn the name, Smithfield hams must be cured in the area around Smithfield in this state"
"geese","Foie gras is the liver of ducks or these animals fattened by force-feeding"
"tangelo","The minneola is a popular variety of this cross between a tangerine and grapefruit"
"yorkshirepudding","This puffy pudding is often served with roast beef in Britain"
"peachmelba","This dish consists of poached peaches filled with ice cream and topped with raspberry sauce"
"olives","The manzanillo is the most widely grown type in Calif.; almost all are eaten, not pressed for oil"
"korea","Hawkeye Pierce could tell you that kimchi is pickled vegetables common in this country"
"yogurt","Lactobacillus bulgaricus is added to milk to make this thick semi-solid dairy product"
"fruitcakes","The Joy of Cooking"" says these liquor-soaked cakes have been enjoyed 25 years after baking"
"dimsum","The name of these little snacks is Cantonese for ""heart's delight"
"liederkranz","This cheese was created in 1892 by Emil Frey and named for a New York singing society whose members loved the cheese"
"blondie","Piled high with cold cuts and condiments, the Dagwood Sandwich is named for a character in this comic strip"
"pralines","These Southern pecan patties are named for a French diplomat"
"limabean","There are 2 distinct varieties of this bean:  the Fordhook and baby"
"kielbasa","What we call a Polish sausage is also known by this Polish name"
"cassavamanioc","Cassareep, a condiment used in west Indian cookery, is made from this root, as is tapioca"
"blueberries","The first new variety of Eggo waffle Kellogg's made was one with this fruit in 1972"
"curd","Poutine, a Montreal treat, is covered with gravy and this solid element of cheese"
"lemongrass","This Thai food flavoring comes from a tropical plant named for its citrusy smell"
"cabbage","Holishkes is one of the many names for leaves of this vegetable stuffed with meat"
"arrabiata","Italian for ""angry"", it describes a pasta sauce spiced up with plenty of chiles"
"rhubarb","Also known as ""pieplant"", its stalks are baked in pies, usually with strawberries"
"beefalo","Also called a ""cattalo"", this animal is the result of breeding domestic cattle and bison"
"waxbean","It's what the yellow variety of a string bean is called"
"knish","This Jewish-American pastry is made with dough and can be stuffed with potato or cheese"
"pesto","Combine garlic, pine nuts, parmesan cheese and olive oil with basil and presto!  You've got this"
"beef","Carpacchio, an Italian dish of raw shavings of this meat, is often served with capers"
"bread","Naan, an east Indian form of this, is usually baked in a tandoor"
"potatoes","The Quechua language of Peru has about one thousand words for these tubers Peruvians have grown for eight thousand years"
"tofu","Of yogurt, liver or tofu, the food Americans hate most according to ""Harper's Index"
"chips","What we call french fries the British call these; they go with ""fish"
"scampi","It's the Italian term for shrimp cooked in garlic and butter"
"mushroom","The portobello, a type of this which can measure 6"" in diameter, makes a great stuffed appetizer"
"poi","This Hawaiian dish made from cooked taro is eaten traditionally using the fingers"
"pierogi","From Russian for ""small pie"", it's a pastry turnover filled with meat, cheese, mashed potatoes, etc."
"aburrito","A ""giant flour tortilla"" wrapped around meat, beans and cheese, it's a mainstay of the Chipotle chain"
"france","Lavender is often included in herbes de Provence, an herb mixture from the south of this country"
"yellow","A wax bean is a variety of green bean that's this color"
"prosciutto","This ham is made from pigs fed the whey left over from making parmigiano cheese"
"plantain","This starchy variety of banana is also called the cooking banana"
"grapeleaves","A Greek favorite, dolma is made with rice and ground meat wrapped in these leaves"
"cheddar","1st brought to the New World by English colonists, it's America's most popular cheese"
"ragoutragu","Word for a French stew that's a homophone for a popular brand of spaghetti sauce"
"yorkshirepudding","This English classic is made with eggs, milk and flour baked in beef drippings"
"mango","Condiment ingredient called the ""apple"" and the ""peach"" of the tropics"
"squash","The crookneck type of this vegetable has creamy-yellow, mild-tasting flesh"
"yogurt","A Middle Eastern treat, labna is made by draining this cultured milk product of whey and forming it into balls"
"doritos","In 1966 Fritos introduced these chips, cut in a triangular shape"
"redwhite","Campbell's picked these, the school colors of Cornell University, for its label"
"bettycrocker","The last name of a former General Mills director was immortalized in this cake mix line"
"tatertots","Oh baby, in 1953 Ore-Ida invented this hash brown product"
"marmalade","This preserve was originally made from quince; Seville oranges are now normally used"
"hushpuppies","A traditional accompaniment for fried catfish, these cornmeal dumplings are flavored with chopped scallions"
"salisburysteak","This ground beef patty flavored with minced onion and seasonings was named for a 19th century physician"
"beans","An energetic person is full of these, maybe the fava type"
"pork","Government money that a congressman steers toward his home district"
"beef","To mean a quarrel, vegetarians can use ""rhubarb"" and carnivores can use this"
"abun","Diana Prince occasionally has to take her hair out of this to become Wonder Woman"
"achestnut","A story or joke that's been repeated often, maybe too often"
"butter","In India, ghee, which is a clarified form of this, is widely used in cooking"
"hushpuppies","Be quiet little dog, and I'll feed you these deep fried concoctions made of corn meal"
"mint","Flavor of the jelly or sauce that's a common accompaniment to roast lamb"
"black","Color of the beans you'd find in a feijoada, the national dish of Brazil"
"cauliflower","Broccoflower, a relatively new vegetable, is a cross between broccoli and this"
"white","Beurre blanc is a classic French sauce whose name means this color butter"
"sprat","The last name of a nursery rhyme Jack, or a fish that's so high in fat he couldn't eat it"
"dino","One of Post's Pebbles Cereals is named for this pet who lives in Bedrock"
"tripe","Popular in Pennsylvania, pepper pot is a peppery soup made from this stomach lining"
"pit","In a cling peach the flesh clings to this"
"schnitzel","This word that often follows wiener means ""cutlet"" in German"
"crayfish","Cajun popcorn is made by battering and frying shrimp, or the tails of these freshwater crustaceans"
"gravy","The redeye type of this is made from fried ham drippings"
"moussaka","Some add onions to this Greek dish of eggplant layered with ground meat and covered in Bechamel sauce"
"ham","To make red-eye gravy, you need a well-cured one of these meats"
"meatballs","Served in a Mexican soup, albondigas are spicy ones"
"pineapple","The Spaniards called it pina de Indes from its resemblance to a pine cone"
"goose","In England and Scandinavia this is the traditional bird for the Christmas feast, not the turkey"
"croissant","Its history shows the French taking an Austrian crescent roll and making it with puff pastry, not bread dough"
"potatochips","In 1938 Herman Warden Lay started selling these under his own brand name"
"hollandaisesauce","Often served over asparagus, this creamy sauce was 1st made in France, not in the Netherlands"
"tomatoes","Use these when an Italian recipe calls for ""pomodori"
"southamerica","Most botanists believe the Irish potato originally came from this continent"
"pastrami","This deli item is corned beef that's been rubbed with pepper and spices, smoked and then steamed"
"alobster","In the 1989 Farmer's Almanac, Edmund Muskie tells how to hypnotize one of these before cooking it"
"peanuts","Food used in many Thai dishes and also mentioned in ""Take Me Out To The Ball Game"
"mustard","Munich's traditional Weisswurst, a veal sausage, is naked without Senf, German for this"
"swisscheese","At his first news conference, George W. Bush compared Iraq sanctions to this dairy food"
"eggplant","The main ingredients of ratatouille are tomatoes, onions, peppers, zucchini and this veggie that's bigger than those"
"brochette","Meat on a stick sounds better if you use the French term, ""en"" this"
"licorice","Herbs anise and fennel resemble the flavor of this common black candy"
"pastrami","From the Romanian word for ""to preserve"", it's served hot with mustard on rye"
"margarine","When it was 1st introduced into England from France, it was called ""butterine"
"chiffon","Not a fabric but a cake that's a cross between an angel and a sponge"
"teeth","When spaghetti is cooked ""al dente"", it means it's firm to this body part"
"rye","Pumpernickel bread is made primarily of this grain"
"caramel","It's the culinary term for burnt sugar or a candy made from browned sugar"
"islam","Halal meat is slaughtered according to the laws of this religion"
"cilantro","The herb also called Chinese parsley or fresh coriander is called this in Mexican cooking"
"carrot","Experts believe that 16th C. Dutch growers, through breeding, gave this vegetable its color to honor their ruling house"
"eggroll","A spring roll is a smaller, more delicate version of this Chinese appetizer"
"almond","The Jordan type of this nut is often sold encased in a candy coating"
"refriedbeans","English name of the mashed-bean specialty Frijoles Refritos"
"parfait","The French name of this layered ice cream dessert means ""perfect"
"beets","The Chioggia type of this round root vegetable has concentric circles of red and white"
"ladyfingers","Sponge cake baked in the form of a female digit"
"dagwoodsandwich","Towering snack named for comic strip character whose nocturnal noshes cleaned out the fridge"
"quiche","From German for ""little cake"", the Lorraine style includes cheese and bacon bits"
"paella","From French for ""small pan"" it's a traditional Spanish dish made of seafood and saffron flavored rice"
"ricetable","The Indonesian smorgasbord, ""Rijsttafel"", means this"
"oliveoil","Focaccia bread is brushed or drizzled with this oil before baking"
"cream","As opposed to the whipped type, the Devonshire style of this dairy product is clotted"
"allthree","Of the snow pea, chickpea and goober pea, the number that are legumes"
"tetrazzini","Last name of opera singer Luisa, who had a turkey dish named for her"
"rumaki","This hors d' oeuvre is a piece of chicken liver and a water chestnut wrapped in bacon"
"pepperoni","Mamma mia!  This Italian salami is the most popular pizza topping"
"marshmallow","Chocolate and this confection provide the filling in a S'more"
"matzoballs","Served in Jewish chicken soup, knaidel is another name for this"
"pumpkin","The edible seeds from this holiday gourd are often referred to as pepitas"
"tofu","A popular health food, this soybean curd is used to make a variety of dishes and an ice cream substitute"
"tbone","Steak named for the shape of its bone"
"pita","From Turkish for ""dough"", you can pick the pockets of this Mideastern bread"
"shoofly","Don't bother me"", I'm eating this Pennsylvania Dutch molasses pie"
"compote","French for stewed fruit, it can also be the bowl it's served in"
"waffle","The Belgian type of this battercake is served for breakfast or for dessert"
"truffles","Dishes flavored or garnished with these rare costly fungi are referred to as ""a la Perigourdine"
"chilesrellenos","The name of this Mexican dish made with chiles and cheese translates to ""stuffed peppers"
"sesameseeds","Tahini, a thick paste used in Middle Eastern cooking, is made from these ground seeds"
"risotto","From the Italian word for rice, it's a rice dish cooked with broth and often grated cheese"
"grapes","When you step on these, they let out a little ""wine"
"devilled","Satanic term for food prepared with strong seasoning, as of eggs or ham"
"aujus","French term for meat served in its own juice"
"carawayseeds","Found in rye bread, these seeds are also flavoring of kummel liqueur"
"sweetbreads","The thymus and pancreas of young calves are sources of this meat"
"brunch","Usually eaten between 11 A.M. and 3 P.M., this meal is a combination of breakfast and lunch"
"fin","In the Orient this part of a shark is used to make an expensive and popular soup"
"kraft","This company markets Velveeta and Cracker Barrel cheeses"
"brazilnut","Named for a South American country, this 3-sided nut is the fruit of the bertholettia tree"
"cornichon","This French term for a tiny pickle means ""little horn"
"bitter","Almonds are generally divided into 2 types: sweet and this"
"wontons","The Chinese equivalent of ravioli, they give their name to a soup"
"acalzone","Originally from Naples, it's an Italian turnover made of pizza dough and stuffed with savory fillings"
"china","Anise, fennel, cloves, cinnamon and szechwan pepper make up this country's 5-spice powder"
"pancakes","Blini, a Russian type of this thin, flat dish, are made with buckwheat flour"
"roquefort","This celebrated blue cheese is aged in limestone caves in Southwestern France"
"anchovies","In bagna cauda, or ""hot bath"", vegetables are dipped in an oil mixture flavored with these tiny fish"
"celery","The Pascal variety of this crisp garden vegetable has nearly stringless stalks"
"stew","Sometimes made with squirrel, the Brunswick type of this more often contains chicken and lima beans"
"bread","Reportedly named for a girl who sold it in the streets, Sally Lunn is a sweet variety of this"
"aluffa","When it's young and tender, this gourd used in the bathtub can be eaten like a squash"
"jello","In the early 1900s this all-American dessert was given out at Ellis Island"
"mole","Poblano is one type of this dark Mexican sauce made with chiles and chocolate"
"anartichoke","California's Green Globe is a popular variety of this veggie with an edible heart"
"pt","The coarser ""maison"" type of this dish is basically a fancy meatloaf"
"onionsoup","In 1952 Lipton came out with a dehydrated version of this dish that's been used in countless recipes"
"broccolicauliflower","These 2 vegetables were crossed to produce the broccoflower"
"cow","To make provolone, use milk from this animal"
"float","To test if an egg is fresh, put it in a bowl of cold water; if it does this, it's old"
"mole","From a Nahuatl word meaning ""chili sauce"", it contains chocolate and is often served over chicken"
"blackstrapmolasses","Boil cane sugar to get light molasses; boil it again to get dark molasses; a third boil yields this"
"eggyolks","Marigold petals are sometimes added to chicken feed to insure that these will be bright yellow"
"hotdog","In the early 1900s this fast food was sometimes called ""Coney Island Chicken"
"avocado","Native to Mexico, this pear-shaped green fruit is a hardy member of the laurel family"
"bagel","Described as an unsweetened doughnut with rigor mortis, it's often served with lox and cream cheese"
"bacon","From the old French word for ""ham"", it makes a nice sandwich combined with lettuce and tomato"
"paella","Saffron-flavored Spanish rice stew with meat, vegetables and seafood"
"octopi","Joy of Cooking"" says these 8-armed creatures can be tenderized by ""mercilessly"" beating them"
"clarified","After melted butter has its sediment removed, it's called this"
"soy","A milk made from these beans may be substituted in recipes calling for cow's milk"
"lamb","A rack of this meat usually contains 6-8 ribs and is served with mint jelly"
"hollandaisesauce","This sauce that tops Eggs Benedict is also good on artichokes"
"squid","Order fried calamari in a restaurant and you'll get this seafood"
"pumpernickel","This heavy, dark rye bread is also known as Schwarzbrot, or black bread"
"ascone","Traditionally, this Scottish tea treat is split in two and eaten with butter, preserves and clotted cream"
"rockyroad","In 1929 William Dreyer and Joseph Edy created this ice cream flavor, named in part to reflect the times ahead"
"marmalade","The name of this preserve often made from oranges comes from the Portuguese for ""quince jam"
"mangoes","The unripe skin of mangifera indica, this tropical fruit, can cause an allergic skin reaction"
"enchilada","For lunch, let's have this Mexican dish whose name is from the Spanish for ""spiced with chili"
"vidalia","This type of onion is named for  a place in Georgia"
"marrow","Change one letter in the herb yarrow and you'll get this foodstuff found in bones"
"tabasco","This zesty sauce named for a Mexican state includes peppers fermented for 3 years"
"fish","Whether red, black or Nassau, a grouper is a type of this"
"cannellini","Of cannoli, cannelloni and cannellini, the one that's not tube shaped"
"puffpastry","The French dessert croquembouche consists of these stacked in a pyramid and coated with caramel"
"marcopolo","When he returned to Venice from the Far East, he introduced the idea of fruit flavored ices"
"anapoleon","Consisting of puff pastry layered with custard or cream, this pastry's fit for a French emperor"
"pizzas","The USDA made Wolfgang Puck add tomato in order to sell his frozen pies as these"
"squabs","They're immature pigeons sometimes raised for food"
"truffles","These edible fungi thrive in chalky soil, and the best are the perigord variety"
"flour","Different types of this in the supermarket are labeled ""all purpose"" and ""self-rising"
"jerusalemartichoke","Called an artichoke, its name isn't from a Mideast city but from ""girasole"", Italian for sunflower"
"mashedpotatoes","Shepherd's pie is a meat hash covered with a layer of this"
"butter","Government graded AA, A, B, or C, the best is composed of at least 80% fat and has 12-16% water"
"clams","American Indians called the eastern, hard-shell variety of these shellfish quahogs"
"asandwich","This lunch staple is named for the earldom of inveterate gambler John Montagu"
"redgolden","Delicious apples come in these 2 color varieties"
"russiandressing","This salad dressing is actually American; its name may come from the fact that it once contained caviar"
"paprika","In America this spice is used largely for its red color; Hungarians appreciate its taste"
"curdswhey","They're the 2 things Little Miss Muffet was consuming while sitting on her tuffet"
"fat","When used to describe meat, ""marbling"" means streaks of this"
"foiegras","In 2006 the Chicago City Council banned restaurants in the city from selling this goose liver dish"
"padthai","Thailand's best-known dish, it's stir-fried noodles, egg, bean sprouts, peanuts and seasonings"
"hurricane","This rum drink hailing from New Orleans' French Quarter has its own glass of the same name"
"cheese","The Bel Paese type of this dairy product originated in a small town outside Milan"
"buttermilk","Once the liquid left in a churn, this drink is now made by adding bacteria to nonfat milk"
"broccolicauliflower","Milder than both, broccoflower is a cross between these 2 vegetables"
"hollandaisesauce","This rich, creamy sauce that tops Eggs Benedict is also excellent on asparagus"
"sirloin","When it comes to steak, try this cut from just in front of the rump; it's ""top""s"
"scrod","Rhyming with cod, it's a young fish like cod or haddock that's been split and readied for cooking"
"devonshirecream","(Cheryl of the Clue Crew in London)  Traditionally at tea, scones is served warm with jam and this, named for an English county"
"tab","Before the introduction of Diet Coke, this was he leading diet soft drink in the U.S."
"chocolate","Leaves"" made of this sweet often top the familiar mousse of the same flavor"
"shells","Conchiglie is an Italian pasta named for and shaped like these"
"vinegar","Joy of Cooking"" 's recipe for drinks called Fruit Shrubs uses the white wine type of this liquid"
"tea","Assam, a black type of this beverage, is known for its full body and strong flavor"
"oyster","The ""Olympia"" variety of this seafood is a favorite for eating on the half shell"
"onions","The Maui and Vidalia are 2 of the sweeter varieties of this vegetable"
"salisburysteak","This ""steak"" is basically a seasoned hamburger without the bun and sometimes served with gravy"
"ceviche","This Mexican dish made with seafood, chilies and tomatoes is marinated in lime juice rather than cooked"
"cinnamon","Goldschlager, a spicy schnapps of this flavor, contains flakes of 24 karat gold leaf"
"washington","The 3 primary wine-growing regions of this state are Columbia Valley, Yakima Valley and Walla Walla"
"butter","By U.S. law this spread must be at least 80% milkfat; the rest is water and milk solids"
"bologna","This lunch meat is named for the Italian city that's also home to mortadella"
"portugal","Sogrape, this country's largest wine company, produces Mateus Rose and Ferreira Port"
"bluecrab","After it molts this colorful crab is the most popular soft-shell variety in the U.S."
"smoothie","Named for its consistency, it's a beverage made by blending fruit with yogurt, milk or both"
"crepessuzette","To top off a French meal, you might try this pancake dish served flaming in an orange sauce"
"gyro","Lamb served in a pita and topped with onions, peppers and sauce makes up this Greek sandwich"
"jackdaniels","Lynchburg, Tennessee is home to the distillery that makes this brand of sour mash whiskey"
"eggnog","During the holidays you can buy this cool creamy Christmas drink in cartons, minus the liquor"
"denmark","Tuborg is a famous beer from this country"
"fondue","Add cherry brandy and seasonings to melted gruyere cheese and you'll have this classic dipping dish"
"pasteurization","The raw milk sold in health-food stores hasn't gone through this sterilization process"
"rum","The cake called a baba is sometimes soaked in kirsch instead of this liquor"
"aburrito","A chimichanga is one of these Mexican food items that's been fried, filling and all"
"crabmeat","In veal oscar the cutlets are traditionally topped with crayfish or this seafood"
"anorange","The bigarade is one of the oldest known varieties of this citrus fruit"
"dintymoore","Hormel makes a microwavable version of this man's beef stew"
"gerber","Company that uses the sketch seen here by Dorothy Hope Smith"
"bettycrocker","In 1921 the Washburn Crosby Company created her to promote its flour and baking products"
"alps","Evian water comes from a spring in this mountain range"
"pharmacists","Profession of the inventors of Pepsi and Coke"
"orange","Varieties of this citrus fruit include the blood, Jaffa and Valencia"
"tequila","The Jose Cuervo brand of this liquor dates back to 1758"
"porterhouse","This rather large steak contains both the T-bone and part of the tenderloin"
"zima","In 1992 Coors introduced zomething new and different, this clear malt beverage"
"java","Indonesia is famous for this variety of coffee that's often blended with mocha"
"amarshmallow","This hot chocolate topper is no longer made from the root of the plant that it's named for"
"feta","Artichoke hearts or spinach and this crumbly Greek cheese make great toppings for a pizza"
"apearl","The name of this gem precedes both a marble-sized onion and a type of barley"
"ademitasse","French ""half cup"", it's a small coffee cup or the strong, black coffee that's served in it"
"olives","These come in a variety of sizes from small to supercolossal and are often stuffed with pimientos"
"sauerkraut","This fermented cabbage dish is a popular ingredient in a Reuben sandwich"
"wienerschnitzel","This tasty veal dish derives its name from the German for ""Viennese cutlet"
"frappefrappucino","From French for ""to strike"" or ""chill"", it's a tall, cool coffee drink blended with sugar and ice"
"vidaliaonion","How sweet it is!  This onion is Georgia's state vegetable"
"amargarita","In 2001 a 5,861-gallon version of this drink was served up at a Jimmy Buffett-owned place in Orlando"
"peas","Pisum sativum, the garden variety of this legume, usually bears 5 to 10 seeds in its pods"
"alphabits","If you eat it slowly, this cereal might increase your ""word power"":"
"busch","You're heading for this brand of beer when you ""Head for the Mountains"
"crunchy","Of crunchy, smoke flavored or less sodium, the one not yet a variety of Spam"
"spinach","This Swiss chard relative found in Florentine dishes probably comes from Asia and was used medicinally"
"bread","Brioche, popular for continental breakfasts, is a type of this staple"
"beefstroganoff","Antonin Careme created Charlotte Russe and this sour-creamed meat dish for Czar Alexander I"
"bologna","A famous meat sauce is named for this Italian ""sausage"" city"
"latkes","In Jewish cooking, potato pancakes, commonly enjoyed during Hanukkah, are known as these"
"pineapple","Creme d'ananas is a liqueur flavored with this fruit"
"russian","1 1/2 oz. of vodka and 1/2 oz. of Kahlua make a ""Black"" this nationality"
"eggs","The sizes of these are based on their minimum weight per dozen; jumbo are 30 oz. per dozen, peewee, 15"
"limburger","Food Lover's Companion"" calls this Belgian cheese ""the stinkiest of the strong-smelling cheeses"
"rhubarb","Because of its tartness, the reddish stalk of this pie plant is often cooked with sugar"
"julep","It's a sweet, often syrupy drink to which medicine can be added, but many prefer bourbon and mint"
"phosphate","It's the chemical-sounding name for an old fountain drink made with carbonated water and a syrup"
"terrine","Liver pates are sometimes called this, after the name of the dish in which they're cooked and served"
"rice","With the hull left on it's called brown; with it removed it's white and called ""polished"
"borscht","You can't beat this soup which is made from beets"
"lorraine","The Larousse Gastronomique says quiche originated in this French region"
"freezedrying","Lyophilization is the scientific name of this process used to produce instant coffee"
"peachmelba","Escoffier came up with this fruit and ice cream dish in 1892 to honor a star of ""Lohengrin"
"tuna","It's popularly referred to as ""Chicken of the Sea"
"lamb","It's the traditional meat for a gyro sandwich"
"rootbeer","In 1998 Barq's, a brand of this beverage, celebrates its 100th birthday"
"sesameseeds","Of Turkish origin, the confection called halvah is made from these seeds and honey"
"kahlua","This popular coffee liqueur is produced in the Mexican town of Ramos Arizpe"
"eggs","These should be stored in the fridge pointed end down and should not be eaten raw; boiled or poached is okay"
"wine","Antioxidant properties in the red type of this drink, such as a merlot, may reduce heart disease"
"rabbit","Featured in ""Roger and Me"" and ""Fatal Attraction"", this meat is a good source of selenium"
"squid","Seafood seen here, it gets tough if you overcook it"
"guineafowl","This bird sized to feed one person was named for the African coastal region where it originated"
"shrimp","The term ""prawn"" is used loosely for a large one of these shellfish"
"cider","Before fermentation it's called ""sweet""; after fermentation, it's ""hard"
"mimosa","Popular at brunches, it's a cocktail made with equal parts of champagne and orange juice"
"greece","Retsina wine from this country is said to taste something like turpentine"
"cilantro","Chopped coriander leaves popular in salsas are also known by this Spanish name"
"salsa","It's simply Spanish for ""sauce"
"hotchocolate","A tradition at Vienna's Demel Coffeehouse, founded 1786, is a cup of this warm sweet beverage on New Year's Day"
"cheese","Valmeuse and St. Benoit are nice soft runny these"
"aphosphate","This old-timey soda fountain drink got its name from one ingredient--a little phosphoric acid"
"tea","Always offer your guests their choice of cream or lemon at the afternoon party named for this beverage"
"sanfrancisco","It's no fish story: Cioppino is a fish stew from this city's Fisherman's Wharf"
"butter","Beurre Bercy is made with white wine, shallots, diced beef marrow, parsley and, of course, this spread"
"keylime","This tart, yellowish lime that's native to Florida is the main ingredient in a popular pie"
"blackberries","In Scotland these ""colorful"" berries are called brambles, and Scots make bramble wine from them"
"asia","Tofu has been prepared on this continent for over 1,000 years"
"pineapple","Planted chiefly in Hawaii, the most widely grown variety of this fruit is the smooth cayenne"
"brut","This French word describes the very driest champagnes"
"waldorfsalad","This mixture of apples, nuts, celery and mayonnaise was named for a hotel"
"boullion","The ""Court"" variety of this is a stock in which fish are poached and can contain herbs and vegetables"
"mushrooms","Porcini and portobellos are types of these"
"orangejuice","Just squeeze the sweet navel or Valencia varieties and you've got this drink"
"oysters","Native to the Pacific coast, the Olympia type of this is often eaten on the half shell"
"rootbeer","Sassafras and sarsaparilla originally went into and helped name this soft drink"
"bread","By definition, a sandwich that is open-faced lacks this on top"
"whitesauce","This basic sauce named for its color is often the foundation of cheese sauce"
"italy","Often served with fruit for dessert, Taleggio is a cheese from this country"
"mushrooms","You can add a delightfully woodsy flavor to your entrees with porcini, a type of these"
"oolong","Formosa"" often precedes the name of this tea whose name comes from the Chinese for ""black dragon"
"crabs","In an Italian restaurant, order Moleche and you'll get the soft-shelled type of these crustaceans"
"bitters","Used to flavor cocktails, orange and Angostura are types of these"
"cheese","First made by Dutch immigrants in East Prussia, Tilsit is a type of this"
"cruller","The name of this twisted fried doughnut is from the Dutch for ""twisted cake"
"beefbourguignon","This traditional French dish consists of meat braised in red wine and garnished with mushrooms and onions"
"cabbage","This vegetable puts the cole in coleslaw"
"clubsandwich","A lunchtime favorite, it's chicken or turkey, tomato, bacon and lettuce on 3 slices of toast"
"perrier","Bottled in France since 1863, it's the bestselling imported sparkling water in the U.S."
"fondue","Some prefer melted cheese for this classic dipping dish, others prefer melted chocolate"
"cannelloni","Its name means ""small tubes"", but this Italian pasta is actually large tubes with a meat or cheese filling"
"potatoes","Corned beef is hashed to make corned beef hash; these are hashed to make hash browns"
"eggs","Caviar is salted roe, which are these items from female fish"
"oysters","An old myth says never to eat these bivalves in months without the letter ""R"" in them"
"sambucca","From Italian for ""elder"", this liqueur is set aflame and served with 3 coffee beans on top"
"eggsbenedict","Some say this brunch dish was created to cure the hangover of a Mr. Samuel Benedict"
"mayonnaisemayon","This dressing commonly found on sandwiches may derive its name from a seaport in Minorca"
"auntjemima","Pancake mix whose name came from the title of a Vaudeville song, not someone's relative"
"limburger","This extremely strong-smelling cheese was named for a province in Belgium"
"daiquiri","You can add your favorite fruit to this rum and lime cocktail named for a district in Cuba"
"anchovies","Caesar Cardini, who wanted his Caesar salad subtly flavored, was against using this fish in the recipe"
"aslurpee","Cherry Coke and Blue Bubble Gum are among the flavors of this semi-frozen concoction from 7-Eleven"
"cobbsalad","This salad with chopped turkey, avocado, bacon and blue cheese was created at L.A.'s Brown Derby Restaurant"
"thailand","Sing out if you know that Singha beer comes from this country"
"punch","This party fruit drink may take its name from the Hindi word for five, for its 5 original ingredients"
"pigeon","Squab is generally used to refer to one of these birds under 4 weeks old"
"sake","This Japanese ""rice wine"" is traditionally served hot in an earthenware bottle called a tokkuri"
"escoffier","Peach melba was one of the creations of this famous French chef"
"linzertorte","Named for an Austrian city, it's a buttery pastry with raspberry jam and a lattice-top crust"
"instanttea","Quick"" thinkers know that brewed tea is dehydrated and granulated to make this kind of tea"
"whitmans","This candy company known for its ""samplers"" also makes a cookies-n-cream bar"
"tongue","According to Escoffier, these lingual organs of sheep ""make an excellent luncheon entree"
"butter","Beurre manie, which is this kneaded with flour, is used to thicken sauces"
"grenadinesyrup","To make a pink daiquiri, substitute this red pomegranate-flavored syrup for the sugar syrup"
"whippedcream","James Beard put this traditional topping on pumpkin pie, but the Pilgrims couldn't; they didn't have any cows yet"
"chocolate","A molinillo is the special tool used to whisk champurrado, a Mexico version of this sweet beverage"
"tequila","Named for a town in Mexico, it's believed to be the first distilled spirit produced in North America"
"breadpudding","This pudding that makes heavy use of egg yolks has many varieties, including a challah one"
"yuban","This coffee brand was so named because its creator served it only once a year at a yuletide dinner party"
"apig","Schweinknochel, a German favorite, are this animal's knuckles"
"tangerine","Ocean Spray makes Cran-Cherry, Cran-Grape and Cran-this variety of orange"
"adip","Crudites are generally served with this 3-letter item, like baba ganoush or aioli"
"frenchfries","In 2010 Wendy's introduced natural-cut these with the skins on, sprinkled with sea salt"
"fresca","Meaning ""fresh"" in Spanish, this grapefruit soda was introduced in the 1960s"
"colonelsanders","There's a museum in Corbin, Kentucky dedicated to this man famous for his 11 herbs and spices"
"italy","A nice Peroni beer from this country will go perfectly with your pepperoni pizza"
"milk","In 1680 the French social critic Marquise de Sevigne made the first mention of adding this to tea"
"continental","Fruit juice, a croissant or pastry and coffee or tea is this type of ""breakfast"
"soysauce","This Oriental sauce is made by fermenting boiled legumes and roasted wheat"
"amaretto","The original type of this almond flavored liquor comes from Saronno, Italy"
"arugula","This salad green, also called rucola, has a bitter taste many find too assertive"
"albacore","This tuna has the lightest flesh and is the only one that legally can be called white"
"whiskey","Its name is from Gaelic for ""water of life"
"milk","It can be raw, powdered, whole, evaporated, condensed, or skim"
"evaporatedmilk","Powdered milk has had most of its moisture removed and this type of milk has had 60% of the water removed"
"quinine","Dubonnet is an aperitif flavored with herbs and a form of this malaria medicine"
"kippers","Term for herrings that were split and cured by salting, drying and smoking"
"scotch","A Rusty Nail combines this potent potable and Drambuie"
"bliniblintzes","In Russia these buckwheat pancakes may be topped with smoked oysters and melted butter"
"tea","Darjeeling is classified as a ""black"" type of this beverage"
"lemonjuice","To make a French ""75"" cocktail, you need champagne, powdered sugar, gin and this sour juice"
"cocoabutter","This 'butter"" is extracted from beans during the chocolate-making process"
"gooseberries","Hey, bird brain!  The British use this fruit seen here in a dessert known as fool"
"radish","Daikon, an Asian type of this root vegetable, is often found in salads"
"squash","The summer varieties of this gourd-like vegetable are eaten green; the winter ones, ripe"
"apomegranate","This fruit with many seeds is grown on the Punica granatum tree"
"taro","Poi, a luau treat, is made from these mashed roots"
"anapple","A greengage is a plum and a greening is this fruit"
"arutabaga","This somewhat coarse root vegetable is also called a swede or a Swedish turnip"
"tomato","The egg-shaped plum variety of this makes a great spaghetti sauce"
"grapefruit","Many dieters eat helf of one of these, like the Star Ruby or Rio Red, before every meal"
"spinach","What the French call epinard we call this"
"apples","For cooking, popular ones of these include the Gravenstein and the Greening"
"jicama","Also called a Mexican potato, this crunchy vegetable can be baked, boiled or fried, or served raw in salads"
"cherries","Maraschino liqueur is flavored with the pits and pulp of the marasca kind of these"
"potato","The Yukon Gold variety of this vegetable has a moist texture and is good mashed"
"pear","To make Poile Helene, place a poached one of these atop vanilla ice cream and top with chocolate sauce"
"strawberry","Many consider the French fraise des bois the most flavorful type of this fruit"
"lettuce","The head varieties of this vegetable are divided into butterhead and crisphead"
"melon","Santa Claus, casaba and Crenshaw are types of this fruit"
"parsnip","This root vegetable looks like, sounds like and is related to parsley"
"agherkin","It's both a type of gourd and a small immature cucumber"
"tomato","Ponderosa, Big Boy hybrid and Sunray are popular varieties of this"
"kiwi","Two of these fuzzy-skinned fruits from New Zealand contain more potassium than a banana"
"spaghettisquash","This creamy yellow squash is served much like the pasta it's named for"
"rhubarb","The reddish stalks of this vegetable are often added to strawberry pie"
"okra","In the South, this vegetable that thickens gumbo is also eaten fried"
"eggplant","In Europe, it's known as an aubergine"
"radish","The root of a plant of the mustard family, this veggie resembles a small beet"
"alemon","The Eureka is a type of this citris fruit"
"asparagus","The white type of this stalked veggie is grown underground; it can't produce chlorophyll and turn green"
"passionfruit","The name of this tropical fruit comes from the resemblance of its flowers to symbols of the crucifixon"
"apineapple","In French, a banana is banane; this tropical fruit is ananas"
"grapes","Riesling, syrah"
"oranges","Seville, jaffa"
"potatoes","Yukon gem, ranger russet"
"grapefruits","Ruby red, star ruby"
"atomato","Green zebra, plum"
"orange","The seedless navel is a sweet variety of this"
"avocado","Alligator pear is another term for this"
"banana","The plantain member of this fruit family, musaceae, is also called Adam's fig"
"lime","A wedge of this fruit is the traditional accompaniment for a shot of tequila"
"lycheenut","Called a nut when dried, this is the fruit of the Soapberry tree, native to China"
"cranberries","It's believed that this red berry grown in bogs was served at the first Thanksgiving"
"beet","Mangoldwurzel, used for cattle feed, is a variety of this red root vegetable"
"citrus","The name of this fruit group comes from the Greek word for cedar; kedros"
"pumpkin","Burpee ran a 1990 contest for the largest prize-winner variety of this; the deadline for entry was October 31st"
"potato","Except for grains, this tuber is the most widely consumed human food"
"potatochips","They were once called ""Saratoga Chips"" after the town in New York where they were first made"
"strawberries","These red ""berries"" grown on the ground aren't true berries because the seeds are on the outside"
"jelly","Of jams, jelly or preserves, the one that contains no fruit, only fruit juice"
"eggplant","Thos. Jefferson is credited with introducing this vegetable, named for its ovoid shape, to the U.S."
"tomato","Supreme Court said this salad ingredient could be classified as a vegetable (but it's botanically a fruit)"
"apear","The Anjou and Comice varieties of this fruit originated in France"
"zucchini","This Italian summer squash is also called a small marrow"
"collardgreens","The name of this popular soul food vegetable comes from colewort"
"artichoke","The cardoon, a type of thistle, is closely related to this ""globe"" vegetable"
"pumpkin","The sugar variety of this is preferred for pies, the Connecticut field variety for jack-o'-lanterns"
"tomato","The scientific name of this veggie -- or is it a fruit? -- is Lycopersicon esculentum"
"peas","Unlike the green variety of this vegetable, the string on sugar snaps runs around both sides of the pod"
"cauliflower","In Italian cabbage is cavolo and this vegetable is cavolfiore"
"valencia","Although this juice orange may have originated in Portugal, it bears the name of a Spanish city and region"
"newyork","The Empire apple was developed in this state from the Delicious and McIntosh"
"peas","Petit pois are small, tender ones of these"
"cauliflower","Blumenkohl is the German name for this vegetable"
"eggplant","Baba ghanoush is a Middle Eastern spread made with this purple-skinned vegetable"
"thompsonseedless","In the U.S. Golden raisins are usually made from this variety of grape"
"iceberglettuce","Hey, cool!  It's the more common name for crisphead lettuce"
"rhubarb","The name of this vegetable and pie ingredient may come from Latin for ""root of the barbarians"
"tomato","A ""pink"" variety of this doubles as Arkansas' state fruit and vegetable"
"mandarinorange","The satsuma, a nearly seedless variety of this, is typically canned, and goes great with Chinese chicken salad"
"leek","To improve his singing voice, the emperor Nero ate large quantities of this mild onion relative and symbol of Wales"
"delicious","The red and golden apple varieties with this word in their names are the most widely grown in the U.S."
"brusselssprouts","Brabanconne is a garnish made with these miniature cabbages"
"celery","Ogden Nash said of this vegetable, ""When it's raw, it develops the jaw, but stewed, is more quietly chewed"
"cantaloupe","What we usually call this in the United States is actually the netted or nutmeg melon"
"sloeberry","This bitter plum, the fruit of the blackthorne, is used to make jam and to flavor gin"
"acucumber","Slices of this pickling vegetable are said to soften skin and soothe tired eyes"
"aneggplant","This vegetable may be named for the white, oval variety, but we know the purple one better"
"abanana","The plantain type of this tropical fruit is almost always eaten cooked"
"raspberry","Loganberries are believed to be a hybrid of the blackberry and this red berry"
"oranges","The Seville and bergamot are classified as bitter varieties of this fruit"
"green","The usual color of the flesh of a honeydew melon"
"greenonion","The scallion is also known as this ""onion"
"greenbean","It's also called a snap bean from the sound it makes when broken in half"
"greens","Term for the edible leaves of the turnip, beet and collard"
"red","A mature Rome beauty apple has skin of this color"
"apple","Cox's orange pippin is a popular British variety of this fruit"
"kiwi","This fuzzy-skinned fruit associated with New Zealand actually originated in China"
"brusselssprouts","These miniature cabbages sprang up in Belgium about 400 to 500 years ago"
"cranberries","American Indians referred to this holiday fruit by a name meaning ""bitter berries"
"jicama","Popular at salad bars, this crunchy vegetable is often referred to as a Mexican potato"
"romaine","Traditionally you make a Caesar salad with this type of lettuce"
"kiwifruit","New Zealanders have been known to use the fuzzy skin of this fruit to fix bicycle tire punctures"
"cantaloupe","This melon is named for a former Papal summer home near Rome"
"cherries","Montmorency and Morello are 2 sour varieties of this fruit"
"tomatillo","Native to Mexico, this small green vegetable is the main ingredient in salsa verde"
"apple","One who is courting favor is a ""polisher"" of this fruit"
"pods","Peas come in these, and those of the snow pea are edible"
"fig","Not worth"" one of these means worthless"
"radish","Mustard family member that may be plain or horse"
"avocado","To get its green flesh, cut lengthwise around the large seed, twist halves apart, remove seed and scoop"
"cauliflower","The name of this vegetable comes from the Latin words caulis -- ""stalk"" -- and flos -- ""flower"
"grapes","This fruit is divided into wine and table groups"
"squash","The acorn variety of this is often cut in half, deseeded and baked"
"turnip","The rutabaga is related to this root vegetable; it's sometimes called a ""yellow"" one"
"papaya","This tropical fruit is sometimes called a pawpaw though the true pawpaw is an entirely different fruit"
"pitstone","Cling peaches are called that because they cling to this"
"pricklypear","The fruit of the nopal cactus is this kind of pear"
"navelorange","Citrus fruit named for the resemblance of its apex to a belly button"
"vitaminc","Wintercress is also called scurvy grass because of its high content of this vitamin"
"onions","Maui and Vidalia, Georgia are famous for producing sweet types of this vegetable"
"plantains","These large green banana relatives are usually available in Hispanic markets as platanos"
"cucumber","It's said that Christopher Columbus introduced this ""cool"" veggie to the New World"
"squash","A serving of the butternut variety of this vegetable supplies over 100 percent of the RDA of beta carotene"
"potatoes","Varieties of this tuber include red pontiac, Katahdin and Finnish yellow wax"
"papaya","This tropical fruit contains an enzyme called papain which is used to tenderize meat"
"peach","Commercial growers usually brush most of the fuzz off this fruit prior to sending it to market"
"bartlett","Canned pears are most likely to be this variety"
"beet","The white variety of this purplish-red root vegetable has the highest sugar content of any vegetable"
"corn","Succotash is a Southern dish of lima beans, sometimes chopped sweet peppers and this veggie"
"cabbage","Bok choy is also called a Chinese type of this, but has a longer, looser head than the red or white types"
"grapefruit","This breakfast fruit comes in 3 different flesh colors: red, pink and white (which is actually yellow)"
"strawberries","This shortcake staple is rich in Vitamin C, with about 90 milligrams per serving"
"avocado","Up to 88% of this green-skinned fruit's calories are fat"
"spinach","Dishes a la Florentine are traditionally presented on a bed of this vegetable"
"tomatoes","The Italian plum is one variety of this member of the nightshade family"
"onion","To avoid crying, try peeling this underwater"
"cabbage","Collard is a type of this vegetable with leaves that do not form a head"
"plum","In French pruneau is a prune while la prune refers to this"
"currants","Creme de Cassis, a liqueur, is made of the black type of these; bar-le-duc, a preserve, from the red"
"radicchio","This, a type of chicory with red or pinkish leaves, is a trendy salad ingredient"
"atomato","Beefsteak is an often misshapen but delicious type of this"
"aprune","The California French variety of this dried fruit can be juiced, stewed or eaten out of hand"
"cabbage","Cauliflower and kohlrabi probably developed from a wild European coastal type of this vegetable"
"grape","There are 2 species of this fruit native to the U.S.: Vitis labrusca and Vitis rotundifolia"
"carrot","Root vegetable that was the root of Peter Rabbit's passion"
"eggplant","Europeans once believed this purple-skinned cousin to the tomato caused insanity"
"grenadine","Syrup originally made from pomegranates processed on the Caribbean island of Grenada"
"pineapple","The ""hospitality"" fruit, it can keep Jell-O from jelling"
"apumpkin","Autumn edible which figured in the Alger Hiss case"
"grapes","Currents and sultanas are produced by drying this fruit"
"potatoes","The South American Indians called them ""papas"", a name that's still used today"
"pricklypear","The nopal cactus, part of this national symbol of Mexico, produces this fruit"
"peach","As its label indicates, Southern Comfort contains the juice of this fruit"
"shallotsscallions","The names of these 2 onion relatives are from the name of the Mideast city Ashkelon"
"strawberries","Sometimes served with cream or dipped in chocolate, these red fruits are also popular in a shortcake dish"
"wax","A produce supplier may have added this to your cucumber to give it a glossy look; if so, peel it prior to eating"
"orange","Maltaise sauce, a variation of hollandaise, is made from the blood variety of this fruit"
"bananas","Normally, it's the fruit set afire in the ""Foster"" dessert"
"apples","The Gravenstein variety of these is harvested in August and September"
"aradish","From the Latin for ""root"", this vegetable is commonly cut into a rose shape for hors d'oeuvres"
"anapple","The Rome Beauty type of this keeps well in controlled atmosphere storage"
"apomegranate","Because of its crystals, the name of the garnet is related to that of this many-seeded fruit"
"coconuts","Coir, named from the Tamil for ""cord"", is a rope fiber made from the husks of these palm fruits"
"cornlaws","Sir Robert Peel helped get these grain regulations in England repealed"
"cabbage","Though it has curly leaves instead of a dense head, kale is thought to be the original version of this vegetable"
"pineapple","In 1493 Columbus encountered this, Hawaii's most valuable fruit crop, on the island of Guadeloupe"
"anapple","Gravenstein, which is green with red streaks, is a variety of this fruit"
"valenciaorange","This juice orange accounts for about half of the USA's yearly crop of oranges"
"concordgrape","This variety of grape is the USA's most important in making preserves and juice"
"lettuce","Romaine and leaf, aka loose-leaf, are types of this salad starter"
"akiwi","The fuzz-free baby type of this fruit named for a New Zealand bird is eaten whole, as one would eat a grape"
"jersalem","The name of this so-called artichoke isn't from a city in Israel but from girasole, Italian for ""sunflower"
"acantaloupe","What we call this is actually the netted melon or muskmelon"
"peas","To retain its crispness, the sugar snap type of this should be eaten raw"
"pineapple","If you like pina coladas, then you must like coconut and this fruit, the 2 main flavors"
"pears","The Bosc variety of this fruit is excellent for baking or poaching"
"bananas","It's the leading agricultural product of the island nation of Dominica"
"watercress","The scientific name of this garnish used in salads and sandwiches is Nasturtium aquaticum"
