"olivertwist","In chapter 52 of this novel, a boisterous crowd is gathering for Fagin's execution"
"nathanielhawthorne","19th c. author known for writing about a ""venerable mansion"" with ""seven acutely peaked gables"
"kipling","People from the past appear to a brother and sister in ""Rewards and Fairies"" by this author of ""The Jungle Book"
"solomon","Modern novels with biblical titles include Jane Hamilton's ""The Book of Ruth"" and Toni Morrison's ""Song of"" him"
"beowulf","Even Grendel would love Seamus Heaney's new translation of the Anglo-Saxon epic about this title geat"
"richmond","Ellen Glasgow, a native of this Virginia capital, set several novels there but called it ""Queenborough"
"dorangray","Title character who says, ""Why did you paint it?  It will mock me some day - mock me horribly!"
"janeausten","She wrote in ""Emma"", ""One half of the world cannot understand the pleasures of the other"
"flaubert","This ""Madame Bovary"" author visited Tunisia to research ""Salammbo"", his novel about Carthage"
"balzac","Eugenie Grandet"" is considered one of the finest novels in his series ""La Comedie Humaine"
"greatgatsby","In F. Scott Fitzgerald's classic novel, Nick Carraway lives next door to this title character"
"opioneers","Part I of this Willa Cather novel is entitled ""The Wild Land"
"henryjames","His novel ""Daisy Miller"" opens at the Trois Couronnes hotel in Vevey, Switzerland"
"nathanaelwest","He published his third novel, ""A Cool Million"", in 1934, one year after ""Miss Lonelyhearts"
"scarletletter","Chapter 13 of this classic novel is called ""Another View of Hester"
"pearlbuck","This author of ""The Good Earth"" based the heroine of her 1938 novel ""This Proud Heart"" on herself"
"amushroom","In Wonderland, Alice comes across a large one of these with a snooty caterpillar atop it"
"shogun","Tai-Pan"" was a ""Novel of Hong Kong"" by James Clavell, and this was his 1975 ""Novel of Japan"
"chimpanzees","In Pierre Boulle's ""Planet of the Apes"", Zira and Cornelius are this species of ape"
"czech","Milan Kundera's ""Immortality"" read in this, its original language, may be unbearably light reading"
"drfaustus","Goethe called him Faust; Marlowe dubbed him this"
"ice","Completes the title of Eldridge Cleaver's 1968 memoir ""Soul on..."
"lesmiserables","In this novel, Javert says, ""There is a brigand, there is a convict called Jean Valjean, and I have got him!"
"bastille","A Tale of Two Cities"" opens as Dr. Alexander Manette is released after 18 years in this prison"
"lesmiserables","At one point in this 1862 novel, Jean Valjean owns a factory"
"jabberwocky","In ""Through The Looking Glass"", Humpty Dumpty explains to Alice the meaning of this nonsense poem"
"manderley","In the final scene of ""Rebecca"", this stately mansion of Maxim De Winter burns"
"dune","The title of this 1965 Frank Herbert novel refers to the desert planet of Arrakis"
"bumppo","Not Natty Dresser but Natty this dies in the novel ""The Prairie"
"ahab","This Melville character's artificial leg is carved from the jawbone of a sperm whale"
"treasureisland","Jim Hawkins narrates this 1883 novel"
"greatexpectations","At the start of this Dickens novel, Pip meets an escaped convict who threatens to eat him"
"williestark","This governor of a Southern state asks his aide to dig up dirt on Judge Irwin, a man of integrity"
"tom","Depending on the book, he could be a ""Jones"", a ""Sawyer"", or an ""Uncle"
"alexandredumas","He wrote ""The 3 Musketeers""; his son wrote ""Camille"
"home","Where you can't go again in Thomas Wolfe title"
"ichabodcrane","Irving's bird-like hero chased by the Headless Horseman"
"calaverascounty","Dan'l Webster was the name of the title amphibian in ""The Celebrated Jumping Frog Of"" this ""County"
"donquixote","Sancho Panza rides a donkey named Dapple in this Cervantes novel"
"hesterprynne","The final chapter of ""The Scarlet Letter"" says that her tombstone bore the letter ""A"
"quasimodo","Archdeacon Claude Frollo was this hunchback's master"
"pitpendulum","This Poe tale contains the line, ""The French army had entered Toledo"
"communists","When this group came to power in China, they demanded all literature depict heroes of the working class"
"threemusketeers","The first sequel to this classic French novel was titled ""Twenty Years After"
"edwardlear","He penned the classic line ""There was an old man with a beard, who said 'It is just as I feared"
"nerowolfe","This Rex Stout character loves gardening and gourmet foods, as did Stout"
"lordfauntleroy","This title character in a Frances Hodgson Burnett novel is the grandson of an earl"
"aliceadams","This Booth Tarkington novel tells the tale of a girl's attempts to raise her station in life"
"homer","Britannica states that the name ""Agora"" was first found in the work of this ancient Greek poet"
"fahrenheit","This 1953 book title tells us the temperature at which books burn"
"cainemutiny","This 1952 Pulitzer-winning book grew out of Herman Wouk's experiences on a WWII destroyer-minesweeper"
"aynrand","Atlas Shrugged"" is the fullest fictional presentation of this author's philosophy, objectivism"
"ulysses","This James Joyce book was first published in France in 1922"
"letters","The epistolary novel, in the form of these, was popularized by Samuel Richardson's ""Pamela"" in 1740"
"prairie","Ole E. Rolvaag wrote a ""Saga Of"" it and Laura Ingalls Wilder set a ""Little House"" on it"
"arthurhailey","He wrote about the auto industry in ""Wheels"" and the airline industry in ""Airport"
"jamesjoyce","Dubliners"" is a collection of short stories by this Irish author"
"maud","In an 1854 poem Tennyson asked her to ""Come Into The Garden"
"eudorawelty","This Mississippian, known for her love of the South, won a Pulitzer Prize for ""The Optomist's Daughter"
"ednaferber","Her career as a novelist dawned with ""Dawn O'Hara""; ""Show Boat"" showed up later"
"georgessimenon","Gom Gut and Plick et Plock were pseudonyms of this Inspector Maigret creator"
"pittsburgh","Lloyd Brown, once an inmate of this city's Alleghany County jail, based his novel ""Iron City"" on life there"
"blackbeauty","This 1877 novel was written ""to induce kindness, sympathy and an understanding treatment of horses"
"sinbad","On his fifth voyage, he encounters the Old Man of the Sea"
"greatgatsby","In this F. Scott Fitzgerald novel, Myrtle Wilson is accidentally run over and killed by Daisy Buchanan"
"williamfaulkner","In his 1938 work ""The Unvanquished"", the Sartoris family copes with the Civil War"
"afrog","In the 1600s Basho wrote a famous hard-to-translate haiku about this creature jumping into a pond"
"janeeyre","The infamous Lowood School in this novel was based on a real school that Charlotte Bronte attended at age 8"
"ivanilyich","Tolstoy wrote this character's ""life had been most simple and most ordinary and therefore most terrible"
"divinecomedy","In this Dante work, the poet is given a tour through hell, purgatory and paradise"
"madamebovary","This Flaubert title character commits suicide because of mounting debt and lies told to her husband Charles"
"grendel","In the epic poem ""Beowulf"", Beowulf destroys this monster by tearing off his arm"
"erewhon","This 1872 Samuel Butler satire has the alternate title ""Over The Range"
"robinsoncrusoe","1719 novel about a mariner who lived 8 and 20 years all alone in an uninhabited island"
"donquixote","Cervantes' Alonso Quijano changes his name to this, after reading romances of chivalry"
"mickeyspillane","This author introduced detective Mike Hammer in ""I, The Jury"
"annakarenina","Although married to Alexei, she falls in love with the handsome Count Vronsky"
"stranger","Meursault is the rather cold, effectless narrator of this Camus novel"
"goldbug","In this Poe tale Captain Kidd's treasure is found with the aid of a secret code and a scarab beetle"
"sistercarrie","Carolyn Meeber is the title character of this Theodore Dreiser novel"
"kim","This Kipling orphan's father was a sergeant in an Irish regiment in the Punjab"
"madeline","This title French schoolgirl created by Ludwig Bemelmans is often found at the end of the line"
"greenknight","In the title of a 14th century work, Sir Gawain is paired with this ""knight"
"tennesseewilliams","A rundown Mexican hotel is the setting for ""The Night of the Iguana"", a play by this writer"
"charlesdickens","Readers in 1860-61 picked up copies of ""All The Year Round"" to read installments of his ""Great Expectations"
"ragtime","This 1975 E.L. Doctorow novel relates the story of Coalhouse Walker Jr., who's harassed by local firemen"
"humboldt","Saul Bellow's title character whose ""gift"" to Charlie Citrine was a sense of hope"
"nebraska","Willa Cather's ""My Antonia"", ""O Pioneers!"" and ""A Lost Lady"" are set on the frontier in this midwestern state"
"tarzan","Edgar Rice Burroughs wrote that he ""lived on in his wild, jungle existence with little change for several years"
"ernesthemingway","His 1926 novel ""The Sun Also Rises"" has been published in England as ""Fiesta"
"beatrixpotter","The Tale of the Flopsy Bunnies"" was a follow-up to her stories of Peter Rabbit and Benjamin Bunny"
"auntpolly","She made Tom Sawyer whitewash her fence"
"huckleberryfinn","This character writes, ""Tom and me found the money that the robbers hid....we got six thousand dollars apiece"
"pilgrimsprogress","In this allegory, Christian uses a key called Promise to escape from the Doubting Castle"
"davidcopperfield","In a Dickens novel, this title character's mother Clara unfortunately marries Mr. Murdstone"
"langstonhughes","The character Jesse B. Semple figures prominently in many of this ""Harlem"" poet's short stories"
"dashiellhammett","The Big Knockover"", a collection of his stories and short novels, was edited by Lillian Hellman"
"aleksandrsolzhenitsyn","His novel ""Cancer Ward"" originally was banned in the Soviet Union"
"sadie","1st name of the Maugham title character ""Miss Thompson"
"headlesshorseman","Brom Bones dressed up as this to scare the schoolmaster away from Katrina"
"mollflanders","Daniel Defoe title character who was a tart, a wife, a thief, a convict, then grew rich and lived honest"
"faulkner","Requiem for a Nun"" was his sequel to ""Sanctuary"
"oxbow","In his 1940 classic Western novel, Walter Van Tilburg Clark sets his ""Incident"" in this valley"
"raven","In this Edgar Allan Poe poem, the title bird's favorite word is ""nevermore"
"tolkien","If you're in the ""hobbit"" of reading his books, try his non-hobbit tale ""Farmer Giles Of Ham"
"amy","In ""Little Women"", this youngest of the 4 sisters is ""a most important person, in her own opinion at least"
"tempest","The Bermoothes, where Prospero's brother was shipwrecked in this play, might have been named for Bermuda"
"davidcopperfield","A dog named Jip chews up the cookbook belonging to this Dickens title character's wife Dora"
"arrowsmith","The wife of this Sinclair Lewis research scientist dies during an epidemic in the West Indies"
"rudyardkipling","His stores include ""The Man Who Was"" and ""The Man Who Would Be King"
"forsytesaga","John Galsworthy's 1906 work ""The Man of Property"" was the first in this series of novels"
"dracula","This 1897 novel contains the line ""At sunrise the Count could appear in his own form"
"divinecomedy","This 14th century work is divided into 3 sections: ""Inferno"", ""Purgatorio"" and ""Paradiso"
"davidcopperfield","Dickens said this title character was ""born at Blunderstone, in Suffolk"" as a ""posthumous child"
"silasmarner","This 1861 George Eliot novel is subtitled ""The Weaver of Raveloe"
"manorfarm","At the beginning of Orwell's ""Animal Farm"", Major Snowball and Napoleon are pigs who live on this farm"
"zenda","In an Anthony Hope novel, King Rudolf is ""The Prisoner Of"" this castle in Ruritania"
"treasureisland","Novel in which an old seaman sings, ""Fifteen men on the dead man's chest --- Yo--Ho--Ho, and a bottle of rum"
"philipmarlowe","This Raymond Chandler private eye was introduced in the 1939 novel ""The Big Sleep"
"martinchuzzlewit","Chapter one of this book informs us that ""There was unquestionably a Chuzzlewit in the Gunpowder Plot"
"spain","Originally, the term Picaresque referred to fiction from this country about rogues called Picaros"
"janeeyre","The last chapter of this Charlotte Bronte novel begins with the words ""Reader, I married him"
"andremalraux","A category called Famous Andres would have to include this Frenchman who wrote ""Man's Fate"" and ""Man's Hope"
"scarletletter","At the end of this novel, Reverend Dimmesdale reveals publicly that he is the father of Hester Prynne's daughter"
"donjuan","This character's first literary appearance was in the tragic drama ""The Seducer of Seville"
"onbeach","This Nevil Shute novel depicts the coming annihilation of the human race after a nuclear war"
"incountry","The 2-word title of this 1985 Bobbie Ann Mason novel refers to the time a soldier spent in Vietnam"
"oxford","The sequel to ""Tom Brown's Schooldays"" is called ""Tom Brown at"" this university"
"rudyardkipling","His poems from the Scots Observer were collected in ""Barrack-Room Ballads and Other Verses"
"charlesdickens","He wrote his 1848 novel ""Dombey and Son"" while living in Switzerland"
"women","A 1927 book of short stories by Ernest Hemingway was titled ""Men Without"" these"
"robertfrost","Poet who wrote, ""Before I built a wall I'd ask to know what I was walling in or walling out"
"nattybumppo","In James Fenimore Cooper's ""The Pioneers"" Oliver Edwards is this frontiersman's companion"
"jameshilton","The father of this ""Good-Bye, Mr. Chips"" author was a schoolteacher, not a hotelier"
"williamsaroyan","Balzac wrote ""La Comedie Humaine"" in the 1840s and this American wrote ""The Human Comedy"" in the 1940s"
"futurism","Of Pastism, Presentism or Futurism, the literary movement that began around 1909"
"canterburytales","The Miller's Tale"" is one of the naughtiest of these famous Chaucer stories"
"rudyardkipling","Mowgli's song ""Against People"" appears in this author's ""Second Jungle Book"
"sinclairlewis","This ""Babbitt"" author published his 1st novel, ""Hike And The Aeroplane"", under the pseudonym Tom Graham"
"aldoushuxley","This ""Brave New World"" author's 1921 novel ""Crome Yellow"" abounds with eccentric characters"
"scarletletter","Chapter 6 of this Hawthorne classic is titled ""Pearl"
"boxing","Budd Schulberg's novel ""The Harder They Fall"" deals with corrupt practices in this sport"
"kahlilgibran","Published in 1923, ""The Prophet"" is a book of 28 poetic essays by this Lebanese-American"
"oz","In 1917 L. Frank Baum wrote about ""The Lost Princess of"" this place"
"tomsawyer","When he first saw Becky Thatcher, ""a certain Amy Lawrence vanished out of his heart and left not even a memory"
"janeeyre","I never liked long walks"", says the heroine of this Charlotte Bronte novel"
"elizabethi","Wordsworth's poem about her begins, ""Hail, Virgin Queen!  O'er many an envious bar triumphant"
"pearlbuck","Her 1942 novel ""Dragon Seed"" was yet another tale of Chinese peasant farmers"
"fairytales","Grimm"" stories"
"middleenglish","Language of Chaucer"
"lostgeneration","In the '20s, Hemingway and Fitzgerald were among these ""missing"" literary offspring"
"theodoredreiser","His novel ""Sister Carrie"" sold fewer than 500 copies in its first edition"
"williamburroughs","This experimental novelist named William published a 1953 account of drug addiction under the name William Lee"
"nativeson","This novel by Richard Wright tells of Bigger Thomas, the product of a Chicago slum"
"metamorphoses","This series of tales by Ovid with a plural title begins with the creation of the world"
"leopoldloeb","The 1956 novel ""Compulsion"" was based on the story of this duo defended by Darrow"
"uncas","Chingachgook became the last of the Mohicans when this man, his son, died"
"boothtarkington","He wrote ""Penrod"", ""Penrod and Son"" and ""Penrod Jashber"
"simonlegree","At the end of ""Uncle Tom's Cabin"", this sadistic slave owner dies insane"
"watch","In ""Pudd'nhead Wilson"", Twain wrote, ""Put all your eggs in the one basket and"" then do this to ""that basket"
"jazzage","F. Scott Fitzgerald's 1922 collection of stories was titled ""Tales of"" this ""Age"
"sherwoodanderson","(Sarah of the Clue Crew in New Orleans)  This author of the classic American novel ""Winesburg, Ohio"" once lived here in the Pontalba Apartments on Jackson Square"
"atsea","It's where Philip Nolan asked to be buried"
"jamesmichener","He wrote about Polish life in ""Poland"" and the history of South Africa in ""The Covenant"
"cervantes","Published in 1613, his ""Exemplary Tales"" are believed to be the first short stories written in Castilian"
"anisland","Poet John Donne was first to write ""No man is"" this"
"pokerflat","Bret Harte wrote a short story about ""The Outcasts of"" this mining camp"
"sinclairlewis","The Reader's Encyclopedia said, ""He loved the... main streets of America even as he deplored them"
"fountainhead","Ayn Rand book that ends with ""Then there was only the ocean and the sky and the figure of Howard Roark"
"laurencesterne","His eccentric novel ""Tristram Shandy"" contains blank pages and 1-sentence chapters"
"leotolstoy","Kholstomer"" by this ""War And Peace"" author is a satire on human beings from a horse's point of view"
"williamfaulkner","His third published novel, ""Sartoris"", was the first he set in Yoknapatawpha County"
"canterburytales","The Man of Law's Tale"" in this Chaucer work tells the story of Constance, an emperor's daughter"
"olivertwist","In this novel, Bill Sikes kills Nancy"
"robertburns","His poems include ""Highland Mary"", ""The Banks O' Down"", and ""A Man's A Man For A' That"
"iliad","Maris, Lycon, Laogonus, Erymas, Sarpedon, Erylaus and Patroclus die in Book 16 of this work"
"marktwain","In 1852 his story ""The Dandy Frightening the Squatter"" appeared in The Carpet-Bag, a humorous paper"
"china","Many say that Tu Fu was this country's greatest poet"
"realism","Flaubert led this movement in French literature also called naturalism"
"neworleans","William Faulkner's novel ""Mosquitoes"" satirizes the literary life in this Louisiana city"
"littlemen","This 1871 sequel is subtitled ""Life at Plumfield with Jo's Boys"
"myantonia","The title of this Willa Cather novel refers to a certain Ms. Shimerda"
"jacobmarley","A Christmas Carol"" character who tells Scrooge, ""I wear the chain I forged in life"
"evangeline","Subtitled ""A Tale of Acadie"", this Longfellow poem describes the tragic romance of an Acadian woman"
"english","Polish-born Jerzy Kosinski wrote all of his novels, including ""Being There"" in this, his adopted language"
"nigeria","It's the native country of Flora Nwapa, who wrote ""This is Lagos, and Other Stories"
"donquixote","Cervantes novel that tells us, ""A knight errant without a lady is like...a body without a soul"
"samuelbeckett","He wrote his first novel, ""Murphy"", in 1938, 14 years before his famous play ""Waiting for Godot"
"percyshelley","His wife Mary said the caroling of a skylark in Leghorn inspired his poem ""To a Skylark"
"geoffreychaucer","The Knight's Tale"" by this 14th century author is based on Boccaccio's poem ""Teseida"
"grahamgreene","His 1958 novel ""Our Man in Havana"" takes place in pre-Castro Cuba"
"malcolmx","Alex Haley's first major work was ""The Autobiography Of"" this black militant leader"
"jamesjoyce","Many of the Dublin locales he personally frequented are featured in his book ""Ulysses"
"larrymcmurtry","Buffalo Girls"" and ""The Evening Star"" are among this ""Lonesome Dove"" author's recent novels"
"emilydickinson","In 1914, 146 of this late American's poems were published by her niece under the title ""The Single Hound"
"washingtonirving","The ""History of New York... by Diedrich Kickerbocker"" was actually written by him"
"gentlemen","The title of this famous Anita Loos work states that they ""Prefer Blondes"
"tuberculosis","Thomas Mann's ""Magic Mountain"" is set in a Swiss sanatorium for this disease"
"junglebook","A line from this 1894 Kipling book says, ""Rikki-Tikki had a right to be proud of himself; but he did not grow too proud"
"johnupdike","He wrote ""Bech: A Book"", ""Bech Is Back"" and ""Bech At Bay"" in addition to his ""Rabbit"" novels"
"gulliver","This title character's ship, the Antelope, went down off the coast of Lilliput"
"steppenwolf","In a 1927 Hermann Hesse novel, newspaper writer Harry Haller, a loner, calls himself this"
"soliloquy","Hamlet's most famous one of these speeches includes the following lines<br /><i>Whether tis' nobler in the mind to suffer the slings and arrows of outrageous fortune, or to take arms against a sea of troubles and by opposing...</i>"
"friday","In a Defoe novel, this companion is described as ""a comely handsome fellow"
"littlewomen","Jo's Boys"" was the second sequel to this 19th century novel"
"olivertwist","Chapter 48 of this English novel deals with ""The Flight of Sikes""--Bill Sikes"
"marieroget","The NYC murder of Mary Rogers inspired Poe, who changed the setting to Paris and created ""The Mystery of"" her"
"russian","In 1923 Vladimir Nabokov translated ""Alice In Wonderland"" into this language"
"spain","Ernest Hemingway's novel ""For Whom The Bell Tolls"" takes place during this country's Civil War"
"johnupdike","He may have put his rabbit to rest, but in 1996 he published a new family saga, ""In The Beauty Of The Lilies"
"thomasmann","Buddenbrooks"" was the first important novel by this 20th century German author"
"brombones","In ""The Legend Of Sleepy Hollow"", Abraham Van Brunt, a rival of Ichabod Crane, is better known by this name"
"georgebabbitt","Paul Riesling, this Sinclair Lewis realtor's one true friend, shoots his wife and is sent to prison"
"sistercarrie","18-year-old Carrie Meeber leaves her Wisconsin home and moves to Chicago in this Theodore Dreiser novel"
"jamesjoyce","In the last years of his life, he devoted many of his working hours to ""Finnegans Wake"
"leatherstockingtales","James Fenimore Cooper's 1823 novel ""The Pioneers"" was the first in a series of these 5 ""Tales"
"magnificentambersons","In 1919 Booth Tarkington won a Pulitzer Prize for this ""Magnificent"" novel; in 1922 he won again for ""Alice Adams"
"bohemia","In ""A Scandal in"" this, Sherlock Holmes calls Dr. Watson his ""Boswell"
"beowulf","Northumbria in the ""Age of Bede"" or Mercia in Offa's reign are guesses as to where and when this work was created"
"olivertwist","This Dickens novel about a foundling is subtitled ""The Parish Boy's Progress"
"leotolstoy","His ""Anna Karenina"" was originally published in installments between 1875 and 1877"
"georgeeliot","William Dean Howells wrote of Silas Lapham and she wrote of ""Silas Marner"
"tomjones","Henry Fielding called a 1749 novel ""The History of"" him, ""a Foundling"
"prisoner","An 1894 Anthony Hope romance was titled this ""of Zenda"
"moonstone","1868 Wilkie Collins novel about a mysterious rock"
"ivanhoe","Rowena has Saxon the brain in this 1819 work by Sir Walter Scott"
"antigone","Sophocles wrote a tragedy about this self-sacrificing daughter of Oedipus"
"vladimirnabokov","While teaching Russian literature at Cornell, he wrote his famous novel ""Lolita"
"scarletpimpernel","In novels by Baroness Orczy, this colorful hero is really Sir Percy Blakeney"
"siddhartha","This 1922 novel by Hermann Hesse is based on the early life of Buddha"
"dracula","The first four chapters of this Bram Stoker work are from Jonathan Harker's journal"
"london","City that was the starting and ending point of Phileas Fogg's 80-day trip around the world"
"jonathanswift","In 1726, he received 200 pounds for his tale of Lemuel Gulliver, the only time he was paid for his writing"
"robertbrowning","Husband of poet Elizabeth, he wrote ""O' to be in England, now that April's there"
"goethe","This German was in his 80's when he finished writing ""Faust"" a few months before his death in 1832"
"victorhugo","Les chatiments"" is a group of satirical poems attacking Napoleon III by this creator of Quasimodo"
"australia","The Jindyworobak Movement of the 1930s celebrated this country's Aboriginal culture"
"charlottebronte","The heroine of her 1849 novel ""Shirley"" was inspired by her late sister Emily"
"nadinegordimer","This South African called her 1965 story collection ""Not For Publication"
"frenchrevolution","Charles Dickens' ""A Tale of Two Cities"" takes place during this struggle"
"ulysses","First published in 1966, ""The Bloomsday Book"" is a guide to this James Joyce work"
"greece","Henry Miller's ""The Colossus of Maroussi"" is an account of his travels in this country"
"cainemutiny","Herman Wouk won a 1952 Pulitzer Prize for this ""novel of World War II"
"erskinecaldwell","He collaborated with ex-wife Margaret Bourke White on documentaries but not on ""God's Little Acre"
"lostweekend","The title of this novel by Charles Jackson has become a catch phrase for a major drinking binge"
"garrisonkeillor","Some of the stories and poems in ""We Are Still Married"" reflect on this author's life in Minnesota"
"jacklondon","In addition to Buck and White Fang, this author wrote about Jerry, an Irish terrier pup"
"mrmicawber","In ""David Copperfield"", Wilkins is the first name of this kindhearted optimist"
"forsytesaga","To Let"" was the last novel in this John Galsworthy series"
"donquixote","The full title of this Spanish novel includes ""de la Mancha, El Ingenioso Hidalgo"
"mysterywriting","New Zealand-born Dame Ngaio Marsh became famous for her work in this field of fiction"
"pushkin","Some have described his ""Eugene Onegin"" as the first great Russian novel, although it was written in verse"
"littlewomen","In this novel, Jo March becomes a writer and marries Friedrich Bhaer, a middle-aged professor"
"vanityfair","This 1848 Thackeray work is subtitled ""A Novel Without A Hero"
"hesterprynne","Her husband, a physician, assumed the name Roger Chillingworth"
"littlewomen","Chapter 7 of this Louisa May Alcott novel is entitled ""Amy's Valley of Humiliation"
"rudyardkipling","His ""Jungle Book"" prose begins, ""It was seven o'clock of a very warm evening in the Seeonee Hills..."
"wutheringheights","I believe you think me a fiend!"" says Heathcliff ""with his dismal laugh"" in this novel"
"donquixote","In this novel, Sancho Panza is described as a poor, honest man ""without much salt in his brain-pan"
"mobydick","Chapter 83 of this Herman Melville novel is entitled ""Jonah Historically Regarded"
"watson","In ""A Study in Scarlet"", he told Holmes, ""I have all the facts in my journal, and the public shall know them"
"leatherstockingtales","In 1823 James Fenimore Cooper wrote ""The Pioneers"", the first in the series of these ""tales"
"wutheringheights","I must go, Cathy"", said Heathcliff, seeking to extricate himself from his companion's arms in this novel"
"svengali","George Du Maurier introduced this evil hypnotist in his 1894 novel ""Trilby"
"mrmicawber","Wilkins is the first name of this ""David Copperfield"" character who's always waiting ""In case anything turned up"
"donquixote","In this 17th C. novel, Sancho Panza is promised, and eventually gets, the governorship of his own island"
"timemachine","This 1895 story set in the future was H.G. Wells' first novel"
"davidcopperfield","Characters in this Dickens novel include Mealy Potatoes, Mr. Creakle and Edward Murdstone"
"portuguese","In 1998 Jose Saramago became the first writer in this language to win a Nobel Prize for Literature"
"mobydick","2 old Quakers, Captain Peleg and Captain Bildad, are part-owners of the Pequod in this 1851 novel"
"threemusketeers","In this novel, d'Artagnan, a native of Gascony, is described as ""Don Quixote at 18"
"littlewomen","In ""Good Wives"", the second part of this novel, Aunt March dies and leaves her home, Plumfield, to Jo"
"janeeyre","William Makepeace Thackeray wrote that ""Some of the love passages"" of this Charlotte Bronte work ""made me cry"
"franzkafka","John Updike called this author's ""The Metamorphosis"" ""An indubitable masterpiece"
"antonchekhov","Written in 1900, ""In the Ravine"" is one of this Russian playwright's finest stories"
"ivanhoe","Wamba is a brave jester who risks his life to save his master Cedric in this Sir Walter Scott novel"
"borispasternak","His ""Dr. Zhivago"" aroused so much opposition in the Soviet Union that he said ""Nyet"" to the Nobel Prize in 1958"
"winstonchurchill","In 1953 this British politician won the Nobel Prize for his biographical and historical works and for his oratory"
"albertcamus","He was no ""Stranger"" to the Nobel Prize for Literature, winning in 1957"
"littlemermaid","In the Andersen tale, at age 15 she swims to the ocean's surface and views the world above for the first time"
"arrowsmith","Leora, the wife of this Sinclair Lewis doctor, dies of bubonic plague on the island of St. Hubert"
"buck","In ""The Call of the Wild"", Judge Miller's gardener kidnaps this dog and sells him for $50"
"fox","In titles, animal associated with both Volpone and Reynard"
"mexico","Malcolm Lowery's ""Under the Volcano"" is set mainly in this country"
"daphnedumaurier","Granddaughter of the author of ""Trilby"", she wrote ""Rebecca"
"washingtonirving","One contributor to ""Knickerbocker"" magazine was this author, who used Knickerbocker as a pseudonym"
"johnkeats","English poet who wrote ""Endymion"",<br />""Hyperion"", and its unfinished revision, ""The Fall of Hyperion"
"donquixote","This Spaniard rides a bony old nag named Rocinante on his quests"
"waysideinn","Longfellow based his tales of this inn on the Red Horse Inn in Sudbury, Massachusetts"
"misshavisham","In ""Great Expectations"", Pip falls in love with Estella, a ward of this spinster"
"ohenry","In 1904 this short story author's first book, ""Cabbages and Kings"", was published"
"ancientmariner","When he saw water snakes in the moonlight and blessed them, the albatross fell from his neck"
"normanmailer","He wrote his 1948 novel ""The Naked and the Dead"" while he was enrolled at the Sorbonne"
"jimhawkins","The young narrator of ""Treasure Island"
"goodearth","Lotus Blossom is the concubine of Wang Lung in this Pearl Buck novel"
"missouri","The Adventures of Tom Sawyer"" is set in the town of St. Petersburg in this state"
"ishmael","At the end of ""Moby Dick"", this narrator is rescued by another whaling ship, the Rachel"
"lornadoone","This R.D. Blackmore novel begins in Exmoor, in the county of Somerset, in the year 1673"
"ethanfrome","This Edith Wharton title character has a hypochondriac wife named Zenobia"
"canterburytales","The Miller's Tale"" is one of the bawdiest stories in this collection of Chaucer ""Tales"
"trumancapote","He said it took him ""Five years to write 'In Cold Blood"
"willacather","James Fenimore Cooper wrote ""The Pioneers"" and she wrote ""O Pioneers!"
"bridge","Robert Jordan's big mission in ""For Whom The Bell Tolls"" is to blow up one of these structures"
"olivertwist","This Dickens title orphan was given his name by Mr. Bumble"
"rudyardkipling","This author's ""The Man Who Would Be King"" has been called the perfect short story"
"goodbyecolumbus","Title novella of the Philip Roth collection that won the 1960 National Book Award"
"usa","The 42nd Parallel"" is the first novel in this John Dos Passos trilogy"
"paradiselost","In 1671, Milton wrote ""Paradise Regained"", a sequel to this"
"ernesthemingway","All stories, if continued far enough, end in death..."" he wrote in ""Death in the Afternoon"
"english","Language in which Browning's ""Sonnets from the Portuguese"" was originally written"
"dostoevsky","The cheery first ""Masterpiece Theatre"" season included ""Jude the Obscure"" and this Russian's ""The Possessed"
"rochester","Wide Sargasso Sea"" by Jean Rhys is the story of the mad wife of this ""Jane Eyre"" character"
"madamebovary","In 1856 Revue de Paris readers followed this tale of the miserable wife of a boring doctor"
"missjulie","A fling with the valet is one of the escapades of this Strindberg title ""Miss"
"philiproth","I Married a Communist"", ""The Human Stain"" and ""American Pastoral"" make up a recent trilogy by this novelist"
"egypt","Child of the Morning"" is the story of Hatshepsut, a woman who ruled this country as a pharaoh"
"rudyardkipling","His first ""Jungle Book"" was so popular that he published his ""Second Jungle Book"" in 1895"
"littlewomen","Chapter 25 of this book is called ""The First Wedding""  and it described Meg's marriage to John Brooke"
"charlesdickens","This author said that he was acting in a play with his kids when he came up with the idea for ""A Tale of Two Cities"
"goodearth","As this 1931 novel begins, Wang Lung travels to the house of Hwang to fetch his bride"
"ichabodcrane","Washington Irving based this character on his friend Jesse Merwin, a schoolteacher"
"teapotdome","Upton Sinclair's 1927 novel ""Oil!"" was based on this presidential scandal of a few years earlier"
"oxbow","In this title ""incident"", vigilantes hang 3 men falsely accused of cattle rustling"
"tortillaflat","The title of this Steinbeck novel refers to a district above Monterey inhabited by Paisanos"
"homer","As well as the ""Iliad"" and ""Odyssey"", a number of hymns are attributed to him"
"ernesthemingway","This American novelist created the old fisherman Santiago and the young bullfighter Pedro Romero"
"victorhugo","Before ""Les Miserables"", he attacked the French penal system in the novel ""Claude Gueux"
"walden","This Thoreau work includes a chapter on ""The Pond in Winter"
"samuelbeckett","The 2 leading French Absurdists were Ionesco, from Romania, and this Irish author of ""Waiting for Godot"
"donquixote","Published in Spain in 1605, this classic of world literature was an instant hit"
"ivanhoe","This title Sir Walter Scott character is torn between Rebecca and the Saxon Rowena"
"trial","Bank official Joseph K. is on the defensive as the accused in this Kafka work"
"robertfrost","This quintessential New Englander published his first book of poems, ""A Boy's Will"", while living in England in 1913"
"revolutionarywar","Set in part in Philadelphia, ""Hugh Wynne, Free Quaker"" is a novel about this war"
"hermanmelville","Taji and Jarl are deserters from a whaling ship in his 1849 novel ""Mardi"
"giovanniboccaccio","The Pentameron"" is a volume of imaginary conversations between Petrarch and this author of ""The Decameron"
"pabloneruda","Great Chilean poet known for his ""Twenty Love Poems and a Song of Despair"
"scarecrow","The only thing this ""Wizard of Oz"" character was afraid of was ""a lighted match"
"greatexpectations","This novel begins, ""My father's family name being Pirrip, and my Christian name Philip..."
"georgia","Though not in travel brochures, Erskine Caldwell's ""Tobacco Road"" is located in this state"
"ohenry","He wrote many short stories with surprise endings including ""The Gift of the Magi"
"belljar","This Sylvia Plath novel was first published under the pseudonym Victoria Lucas"
"candide","Dr. Pangloss is the tutor to this title character created by Voltaire"
"tomsawyer","In an 1896 sequel, this Mark Twain title character turned ""Detective"
"brontsisters","In 1846 these sisters published a collection of poems under the pen names Currer, Ellis and Acton Bell"
"ernesthemingway","This author's home where he wrote ""To Have And Have Not"" is now a nat'l landmark in Key West, Fla."
"aldoushuxley","An eye ailment contracted at Eton School ended his plans to study biology, like his brother Julian"
"dorothyparker","A member of the Algonquin Round Table, this petite brunette wrote a story called ""Big Blonde"
"margaretmitchell","During WWII this ""Gone with the Wind"" author was an American Red Cross volunteer and sold war bonds"
"hermanmelville","In 1842 he lived with cannibals in the Taipi Valley in the Marquesas; his novel ""Typee"" was based on the experience"
"chekhov","He wrote his last short story, ""The Betrothed"", shortly before his play ""The Cherry Orchard"
"johnjakes","After years of writing science fiction, he found his niche with historical novels such as ""North and South"
"edithwharton","She first wrote ""Ethan Frome"" in French, then later translated it into English"
"williamfaulkner","Sherwood Anderson told him, write about what ""you know... that little patch... in Mississippi where you started from"
"mariopuzo","This author gave us the line ""I'll make him an offer he can't refuse"
"thomashardy","This ""Return of the Native"" author's first novel, ""Desperate Remedies"", was published in 1871"
"hughlofting","This Dr. Dolittle creator studied civil engineering at M.I.T."
"margaretmitchell","In September 1941 this author christened the warship Atlanta, also known as ""The Mighty A"
"dashiellhammett","He claimed that as a Pinkerton detective, he had worked the Fatty Arbuckle and Nicky Arnstein cases"
"stephenking","While attending Lisbon Falls High School in Maine, this horror author published a newspaper, The Village Vomit"
"tuberculosis","Robert Louis Stevenson suffered from this lung disease for many years, but died of a cerebral hemorrhage in 1894"
"alexhaley","In 1972 he founded the Kinte Foundation, a clearing house for black genealogy"
"harperlee","In 1991 the U. of Alabama awarded this ""To Kill A Mockingbird"" author an honorary Doctor of Letters degree"
"henryfielding","In addition to writing, this ""Tom Jones"" author was also a justice of the peace"
"robincook","This author of ""Acceptable Risk"" has been dubbed ""The Master of the Medical Thriller"
"agathachristie","In 1930, 2 years after divorcing Archibald Christie, she married archaeologist Max Mallowan"
"janeausten","She wrote ""Sense and Sensibility"", ""Pride and Prejudice"" and ""Northhanger Abbey"" between 1795 and 1798"
"michaelcrichton","In 1969 and 1970 this ""Andromeda Strain"" author was a fellow at the Salk Institute for Biological Studies"
"pearlbuck","Her first published writings appeared in the Shanghai Mercury when she was 7"
"white","Wilkie Collins wrote a novel about a mysterious ""Woman in"" this color who lived in an asylum"
"norwegian","Ole E. Rolvaag wrote ""Giants in the Earth"" in this language; it was then translated into English"
"tree","Completes the title of Olive Ann Burns' novel ""Cold Sassy..."
"agathachristie","Sleeping Murder"", her last Miss Jane Marple novel, was published posthumously in 1976"
"larrymcmurtry","In 1997 he published ""Comanche Moon"", a prequel to his ""Lonesome Dove"
"gorevidal","He dedicated his novel ""Myra Breckenridge"" to novelist and playwright Christopher Isherwood"
"robertparker","In 1997 he put his ""Spenser"" books on hold to introduce a new protagonist, Jesse Stone in ""Night Passage"
"langhorne","It was Samuel Clemens' middle name"
"hemingway","While serving as an ambulance driver for the Red Cross in World War I, he was wounded in Italy"
"voltaire","This ""Candide"" author wrote the libretti for several Rameau operas, including ""La Princesse de Navarre"
"agathachristie","She gave her share of the film rights to ""Witness For The Prosecution"" to her daughter Rosalind"
"trumancapote","Rudyard Kipling wrote ""The Arrest of Lieutenant Golightly"" and he created Holly Golightly"
"boothtarkington","He based the title character of his 1914 novel ""Penrod"" in part on his nephews"
"evelynwaugh","A royal horse guard during World War II, he ""revisited"" the war in his ""Sword of Honour"" trilogy"
"maximgorky","This author whose 1st name is also an English word meaning a saying or motto was the 1st president of the Soviet writers' union"
"steinbeck","Before writing his classic novel, he spent 2 years with a group of Oklahoma farmers journeying to California"
"dashiellhammett","This author's work as a private detective with Pinkerton lent authenticity to ""The Maltese Falcon"
"mickeyspillane","He wrote comic book stories for ""Captain America"" and ""Captain Marvel"" before hitting it big with ""I, the Jury"
"edithwharton","Her major works, including ""The Age of Innocence"", were written while living in France, where she moved in 1907"
"hermanwouk","In the 1930s this author of ""Marjorie Morningstar"" was a writer for comedian Fred Allen"
"johnirving","This Garp creator also wrote the children's book ""A Sound Like Someone Trying Not to Make a Sound"
"elizabethgilbert","She followed up ""Eat, Pray, Love"" with a book on marriage called ""Committed"
"georgeorwell","On his 1950 death, this man who looked into the future was called ""The Wintry Conscience of a Generation"
"hermanmelville","His greatest novel was a commercial flop, so he supported his family with stories like ""Bartleby the Scrivener"
"philiproth","A Pulitzer for ""American Pastoral"" is one of the honors bestowed on this Newarker"
"alexandredumas","His father was a general under Napoleon and he took part in Garibaldi's liberation of Sicily in 1860"
"julesverne","His ""Voyages Extraordinaires"" include one ""From the Earth to the Moon"" and one ""To the Center of the Earth"
"maryshelley","She met poet Percy in the spring of 1814, eloped to France with him in July and married him in 1816"
"jacklondon","This author of ""The Son of the Wolf"" and ""The Sea-Wolf"" called his home ""Wolf House"
"virgil","He began writing the ""Aeneid"" around 29 B.C. and it was still unfinished at his death in 19 B.C."
"sholomaleichem","This creator of Tevye the Dairyman is known as the Jewish Mark Twain"
"johngrisham","In 1996, 7 years after giving up law, he returned to a Mississippi courtroom and won a case for an old client"
"raybradbury","In 1979 a play based on his novel ""Fahrenheit 451"" was produced in Los Angeles"
"philiproth","He's won 2 Nat'l Book Awards: for ""Goodbye, Columbus"" in 1960 and for ""Sabbath's Theater"" 35 years later"
"georgesand","Her first novel was written in collaboration with another author using the joint pseudonym Jules Sand"
"ednaferber","This Pulitzer Prize-winning novelist co-wrote the play ""Dinner at Eight"" with George S. Kaufman"
"jamesherriot","He died in 1995, the day before the opening of a Glasgow veterinary library named for him"
"thomashardy","Roman Polanski's film ""Tess"" was based on his novel ""Tess of the D' Urbervilles"
"brucecatton","This Civil War historian won a Pulitzer prize and a nat'l book award for 1953's ""A Stillness at Appomattox"
"louisbrandeis","A Waltham, Mass. university is named for this Supreme Court justice and author of 1914's ""Other People's Money"
"billmoyers","The Power of Myth"" is a book based on his conversations on PBS with Joseph Campbell"
"karlmenninger","The Human Mind"" and ""Man Against Himself"" were written by this Topeka, Kansas psychiatrist"
"marktwain","This creator of Huck Finn has been called the first major American writer born west of the Mississippi"
"williamfaulkner","Towrard the end of World War I, this Mississippi-born author joined the Royal Air Force in Canada"
"willacather","She set ""Death Comes For The Archbishop"" in New Mexico, not on the Nebraska prairie"
"somersetmaugham","Although this ""Of Human Bondage"" author earned a medical degree, he never practiced medicine"
"anthonyburgess","He created the Nadsat language for his novel ""A Clockwork Orange"
"dickens","At the start of a novel by this author, Dombey is 48 years old and son, 48 minutes"
"rudyardkipling","He wrote the poem ""Gunga Din"" to honor the Bhisti, the natives who aided British soldiers in India"
"cervantes","This ""Don Quixote"" author was called the ""Maimed of Lepanto"" for wounds suffered in battle"
"ernesthemingway","Activities at a Key West, Fla. festival honoring this author include a running of the bulls and a short story contest"
"georgeeliot","19th century author Mary Ann Evans wrote under this pen name"
"hermanmelville","In 1842 he and a shipmate jumped ship in the Marquesas Islands and lived for a month with the Typee tribe"
"aldoushuxley","He based Mark Rampion in ""Point Counter Point"" on his friend D.H. Lawrence; Philip Quarles was based on himself"
"westminsterabbey","Charles Dickens was laid to rest in a private ceremony on June 14, 1870 in the Poet's Corner of this church"
"sholomaleichem","The Yiddish greeting for ""peace be with you"" gave Solomon Rabinowitz this pen name"
"raybradbury","His story ""I Sing the Body Electric!"" was adapted as an episode of ""The Twilight Zone"
"stephenking","In the early '70s, this master of horror taught English at Maine's Hampden Academy"
"sylviaplath","A month after ""The Bell Jar"" was published in 1963, she took her own life"
"johnupdike","His 1996 book ""Golf Dreams:  Writings On Golf"" includes excerpts from his ""Rabbit"" novels"
"edmcbain","Evan Hunter writes his ""87th Precinct"" and ""Matthew Hope"" novels under this pseudonym"
"charlesdickens","Oliver Twist"" and ""A Tale of Two Cities"" are among the classic novels by this British author"
"leotolstoy","His epic novel ""War And Peace"" features over 500 characters"
"niccolmachiavelli","This Florentine statesman wrote plays and poems as well as his famous treatise ""The Prince"
"franzkafka","1915's ""The Metamorphosis"" is one of the best-known works by this Czech-born author"
"marcelproust","This French author is best remembered for his ""A la recherche du temps perdu"
"ernesthemingway","In 1961 John F. Kennedy helped this man's widow get permission to go to Cuba to pick up her late husband's papers"
"charlesdickens","His ""Pickwick Papers"" was originally published serially under the pseudonym Boz"
"maryshelley","After her husband Percy died, this author urged one of Washington Irving's friends to fix them up"
"kenkesey","Working in a mental hospital provided background for his ""One Flew Over the Cuckoo's Nest"
"jackkerouac","His 1965 novel ""Desolation Angels"" was set just prior to ""On the Road"
"georgesantayana","Though christened Jorge Augustin Nicolas Ruiz de Santayana, he used this first name after arriving in the U.S. in 1872"
"stephenking","When his 1978 novel ""The Stand"" was reissued in 1990, it was about 50% longer than the original"
"sinclairlewis","In order to write his 1922 novel ""Babbitt"", this author studied real estate"
"marktwain","His travels to Europe aboard the steamship Quaker City were documented in ""The Innocents Abroad"
"washington","Author-filmmaker Sherman Alexie, who is part Spokane Indian, grew up on a reservation in this state"
"willacather","She dedicated ""O Pioneers!"" to her fellow novelist Sarah Orne Jewett"
"annetyler","Iris Murdoch wrote ""The Accidental Man"" and she wrote ""The Accidental Tourist"
"sweden","Selma Lagerlof, the first woman to win the Nobel Prize for Lit., was also the first person from this country to win it"
"christinarossetti","Goblin Market"" is one of the finest poems by this sister of Dante Gabriel Rossetti"
"tomclancy","In 1989 both the hardcover and paperback editions of his ""Cardinal of the Kremlin"" were bestsellers"
"kurtvonnegut","He subtitled his 1973 novel ""Breakfast of Champions"", ""Or Goodbye Blue Monday!"
"judithkrantz","She said, ""I didn't realize I had an imagination until I wrote 'Scruples"
"uptonsinclair","This author wrote 11 novels featuring Lanny Budd, including ""A World To Win"" and ""Dragon's Teeth"
"johnsteinbeck","In June 1998 a museum dedicated to this author opened in Salinas, California"
"canada","Sir John Buchan wrote ""The 39 Steps"" before he became Governor-General of this North American country"
"ericajong","She's also a poet, but she's more famous for her ""Fear of Flying"
"olivergoldsmith","Author of ""The Vicar of Wakefield"" whose friends called him ""Goldy"
"nathanaelwest","Day of the Locust"" author whose wife Eileen was the inspiration for ""My Sister Eileen"
"washingtonirving","During the War of 1812 this ""Rip Van Winkle"" author wrote biographies of naval commanders"
"leotolstoy","His father was also a count; his mother was Princess Volkonskaya"
"dickens","At one time this author owned his own magazine, Master Humphrey's Clock, in which he published ""Barnaby Rudge"
"kipling","In 1882, at age 16, he found work as sub-editor of the Civil and Military Gazette in Lahore, India"
"bretharte","This author of ""The Outcasts of Poker Flat"" served as U.S. consul in Germany and Scotland between 1878 and 1885"
"lewiscarroll","In 1865 he wrote the line ""You're nothing but a pack of cards!"
"alicewalker","She taught Black Studies at Jackson State College before she wrote ""The Color Purple"
"romania","In 1928 Elie Wiesel was born in Sighet, a Transylvanian village in this country"
"theodoredreiser","Published in 1915, ""The 'Genius' "" is a semi-autobiographical novel by this author of ""Sister Carrie"
"lawrencedurrell","This author of ""The Alexandria Quartet"" was the elder brother of zoologist and writer Gerald Durrell"
"wilkiecollins","This author of ""The Moonstone"" was named for his father's friend Sir David Wilkie"
"stephenking","Among this author's bestsellers are ""Misery"" and ""The Tommyknockers"
"judithkrantz","Her first published novel was ""Scruples"" in 1978"
"dickfrancis","A jockey who raced in the Grand National, his mysteries usually have a horse-racing theme"
"charlesdickens","David Copperfield"" is considered his most autobiographical novel"
"stephenking","He wrote his 1982 novel ""The Running Man"" under the pseudonym Richard Bachman"
"andrewgreeley","This author of ""The Cardinal Sins"" was ordained a Catholic priest in 1954"
"johnjakes","This author of the ""Kent Family Chronicles"" wrote mystery novels under the pen name Alan Payne"
"williamfaulkner","This author's ""The Bear"" is one of many stories dealing with the McCaslins of Yoknapatawpha County"
"henryfielding","It's said that this ""Tom Jones"" author (mistakenly) traced his lineage to the Hapsburgs"
"isabelallende","This author of ""The House of Spirits"" once worked for the U.N.'s food and agriculture organization"
"johnsteinbeck","He led a marine biology expedition to Baja California and later wrote about it in ""The Sea of Cortez"
"southafrica","Nadine Gortimer, born in the Transvaal in this country, had her 1st story published when she was 15"
"edithwharton","Born Edith Newbold Jones, she published ""The House of Mirth"" under this, her married name"
"marymccarthy","This author of ""The Group"" based the heroine of her book ""The Company She Keeps"" on herself"
"rudyardkipling","He dedicated his 1888 book ""Plain Tales From The Hills"" ""To the wittiest woman in India"
"margaretmitchell","Her recently-discovered work ""Lost Laysen"" was published in 1996, the 60th anniv. of ""Gone With The Wind"
"vladimirnabokov","This ""Lolita"" author began writing in English while living in France"
"vaclavhavel","This Czech president's play ""The Garden Party"" was long banned in his homeland"
"job","Archibald MacLeish based his verse play ""J.B."" on this book of the Bible"
"johnmortimer","British barrister who brought us Rumpole of the Bailey"
"franzkafka","The Prague tombstone of this German-language writer who died in 1924 is inscribed in Hebrew"
"jonathanswift","In 1745 he bequeathed his estate to be used for the founding of a hospital for the mentally ill in Dublin"
"sinclairlewis","When he died in 1951, his ashes were returned to Sauk Centre, Minnesota"
"ralphellison","While writing ""Invisible Man"", he worked as a jazz trumpeter, waiter and photographer"
"clarenceday","Bedridden much of his life, he died in 1935, the year that his ""life with father"" was published"
"raybradbury","He publicly objected to the name of a 2004 documentary for infringing on the title of one of his books"
"marktwain","He was 4 years old when his family moved to Hannibal, Missouri in 1839"
"ernesthemingway","You can tour the house at 907 Whitehead Street in Key West where he wrote ""For Whom The Bell Tolls"
"hermanmelville","He followed his 1850 sea tale ""White-Jacket"" with another sea tale about a white object"
"wrightbrothers","The Bishop's Boys"", about this pair, is by Tom Crouch, a Smithsonian Air and Space Museum curator"
"robertludlum","This master of the espionage thriller has written 3 books about top assassin Jason Bourne"
"jamesherriot","In 1995 a library at the Glasgow Veterinary School was named in his honor"
"georgeorwell","In 1949 he wrote, ""If you want a picture of the future, imagine a boot stamping on a human face--forever"
"rudyardkipling","It's said that this ""Kim"" author's autograph was so prized in the 1890s that many of his personal checks were never cashed"
"somersetmaugham","He based ""The Moon and Sixpence"" on the life of Gauguin, but his character was British"
"johnsteinbeck","Shortly after ""The Grapes of Wrath"" was published, he embarked on an expedition to Mexico"
"ernesthemingway","After leaving the Mayo Clinic, this author committed suicide July 2, 1961 at his Ketchum, Idaho home"
"theodoredreiser","Songwriter Paul Dresser, who changed the spelling of his name, was this ""Sister Carrie"" author's brother"
"charlesdickens","In 1858 W.M. Thackeray quarreled with this author in the so-called Garrick Club Affair"
"jacklondon","During the Russo-Japanese War, this ""Call of the Wild"" author served as a reporter for Hearst"
"hermanmelville","As a youngster this ""Billy Budd"" author worked in his brother's fur store in Albany"
"agathachristie","In 1971 this novelist was named Dame Commander in the Order of the British Empire"
"nathanielhawthorne","From 1846 to 1849, he was surveyor of the port of Salem, Mass."
"williamfaulkner","Sherwood Anderson helped this Mississippi author publish his first novel, ""Soldiers' Pay"
"nathanielhawthorne","In 1852 this ""Scarlet Letter"" author wrote a campaign biography for his friend Franklin Pierce"
"lewiscarroll","In addition to his ""Alice"" books, he wrote many math works including ""Euclid and His Modern Rivals"
"marktwain","Articles he wrote for the Atlantic Monthly in 1875 became Chapters IV to XVII in ""Life on the Mississippi"
"plutarch","John Dryden in 1683 was the first to use the term ""biography""--appropriately, while writing about this Greek"
"conandoyle","In 1886 he decided to create a new kind of detective who'd use scientific methods rather than intuition"
"rabelais","The name of this French writer who died in 1553 has become an adjective referring to coarse humor"
"anthonyburgess","He created dozens of musical works as well as novels like ""A Clockwork Orange"
"charlesbukowski","Henry Chinaski was the alter ego of this late hard-living California poet"
"stephenking","In ""Comics Review"" in 1965, ""I was a Teenage Grave Robber"" was his first published work; he's still going strong"
"rudyardkipling","Born in India, this English author was the youngest person to win a Nobel prize in literature"
"donmarquis","Creator of ""archy and mehitabel"", this humorist once was assistant editor for ""The Uncle Remus Magazine"
"barbaracartland","Outsold only by the Bible and Shakespeare, this woman is the best-selling romance writer of the twentieth century"
"ivanturgenev","Author of ""Fathers and Sons"", he was the first Russian to be widely read and admired in Europe"
"stephenking","In 1990 he reissued ""The Stand"" with nearly 500 more pages than the original"
"tomclancy","President Reagan called this man's first novel ""The Hunt for Red October"" the ""perfect yarn"
"georgeorwell","Not surprisingly, in 1984 his ""1984"" was a bestseller"
"marktwain","An article that he wrote about his riverboat days was eventually expanded into ""Life on the Mississippi"
"johngrisham","With no ""Time to Kill"", he recently turned out another legal thriller, ""The Street Lawyer"
"misery","In this Stephen King novel, author Paul Sheldon is held hostage by his No. 1 fan"
"babbitt","Sinclair Lewis dedicated this book about a real estate broker to Edith Wharton"
"robertfulghum","This author of ""All I Really Need to Know I Learned in Kindergarten"" is an ordained Unitarian minister"
"exodus","In 1998 Israel celebrated its 50th anniversary and this Leon Uris book celebrated its 40th"
"annerice","With ""Pandora"", she recently began a new series of vampire tales"
"garrisonkeillor","In 1997 this author returned to his roots with ""Wobegon Boy"
"tomclancy","In addition to techno-thrillers, he's also written such nonfiction works as ""Submarine"" and ""Fighter Wing"
"garrymarshall","Wake Me When It's Funny"" is the autobiography of this ""Pretty Woman"" director, Penny's brother"
"jackiecollins","1985 bestsellers had short titles; Michener's ""Texas"", Sagan's ""Contact"" and her ""Lucky"" are examples"
"lostworld","Mathematician Ian Malcolm confronts more dinosaurs in this 1995 Michael Crichton sequel"
"dune","In Frank Herbert titles, this word follows ""Children of"", ""Heretics of"" and ""God Emperor of"
"darktower","The Gunslinger"" is the first volume of this Stephen King series"
"johngrisham","An attorney must search the Brazilian rain forest for a missing heir in his novel ""The Testament"
"roalddahl","This ""Charlie and the Chocolate Factory"" author wrote of his days in the RAF in ""Going Solo"
"rodserling","Joel Engle's book about him is subtitled ""The Dreams and Nightmares of Life in the ""Twilight Zone"" "
"stephenking","Peter Straub collaborated with this man on the wildly successful best-seller, ""The Talisman"
"salvadorallende","Isabel, niece of this former president of Chile, wrote her first novel in exile in Venezuela"
"andersontapes","Tapes in the title of Lawrence Sander's first novel, published in 1970"
"jeffreyarcher","He was a member of the House of Commons before he wrote ""Not a Penny More, Not a Penny Less"
"pearlbuck","The middle initial of this author of ""The Good Earth"" stood for Sydenstricker, her maiden name"
"kiterunner","This Khaled Hosseini novel is about Amir, who flees Kabul for America"
"jonathanfranzen","The bestselling novel ""Freedom"" has put him back in Oprah's Book Club and good graces"
"marcelproust","This ""Remembrance of Things Past"" author was so deathly afraid of germs he wouldn't pick up a pen if he had dropped it"
"washingtonirving","A group of 19th c. authors is called the Knickerbocker Group after his pen name"
"iliadodyssey","Poet and editor Wm. C. Bryant is known for his 1870-71 translations of these 2 Homeric works"
"agathachristie","The Mirror Crack'd"" is one of several of her novels to feature Miss Jane Marple"
"malice","In the title of Sue Grafton's latest murder mystery ""M Is For"" this"
"scottturow","The Laws of our Fathers"" is a 1996 legal thriller by this author of ""Presumed Innocent"
"christmas","Mary Higgins Clark's recent book ""Silent Night"" takes place on the eve of this holiday"
"sidneysheldon","Morning, Noon and Night"" was a 1995 bestseller by this author of ""The Other Side of Midnight"
"salmanrushdie","His 1981 novel ""Midnight's Children"" wasn't quite as controversial as ""The Satanic Verses"
"johnjakes","Heaven and Hell"" was the last novel in his ""North and South"" trilogy"
"philiproth","A writer named Nathan Zuckerman is featured in several books by this author"
"jamesjoyce","This Irishman's first and most understandable novel was ""A Portrait of the Artist as a Young Man"
"aynrand","In ""The Fountainhead"", she wrote ""Great men can't be ruled"
"lordjim","The story of an indecisive man, it was been called Joseph Conrad's ""Hamlet"
"billshatner","TV's Captain Kirk, he reunites the Enterprise crew in a 1995 novel, ""The Ashes of Eden"
"lesmiserables","Cosette"", published in 1995, picks up where Victor Hugo left off in this 1862 classic about Jean Valjean"
"henrymiller","In 1961 the first American edition of his ""Tropic of Cancer"" became a bestseller"
"larrymcmurtry","Terms of Endearment"" was his sixth novel with a Texas setting"
"winstongroom","In 1995 this author published his long-awaited sequel to ""Forrest Gump"", called ""Gump and Co."
"annerice","In 1998 her ""Pandora"" came out of the box as the first of her ""New Tales of the Vampires"
"johnirving","In the world according to Garp, we're all terminal cases"", wrote this novelist"
"daughter","Kim Edwards called her memorable first novel ""The Memory Keeper's"" this"
"williamstyron","The story of Nat Turner had been long gestating in my mind, ever since I was a boy"", said this novelist"
"normanmailer","The Naked and the Dead"",<br />""Existential Errands"",<br />""The Executioner's Song"
"philiproth","The Great American Novel"",<br />""Zuckerman Bound"",<br />""Portnoy's Complaint"
"kurtvonnegut","Welcome to the Monkey House"",<br />""Galapagos"",<br />""Player Piano"
"johnirving","The 158-Pound Marriage"",<br />""The Cider House Rules"",<br />""A Son of the Circus"
"wilkiecollins","No Name"",<br />""The Woman in White"",<br />""The Moonstone"
"avampire","In ""Twilight"" by Stephenie Meyer, teenaged Isabella Swan falls for a romantic one of these blood-suckers"
"maine","The Lobster Chronicles"" is Linda Greenlaw's book about life on a small island off the coast of this state"
"blue","Forever in"" this color is Ann Brashares' third sequel to ""The Sisterhood of the Traveling Pants"
"agathachristie","Hmm... a murderer has somehow escaped from a locked room in her 1938 mystery ""Hercule Poirot's Christmas"
"ianfleming","Sebastian Faulks penned the new James Bond novel ""Devil May Care"" for the 100th anniv. of this author's birth"
"aldoushuxley","A savage named John has educated himself by reading Shakespeare in ""Brave New World"" by this man"
"machiavelli","In ""The Prince"" he wrote, ""It is far safer to be feared than loved"
"dostoyevsky","Perhaps the effort killed him--he died not long after completing his masterpiece ""The Brothers Karamazov"
"victorhugo","In his 80th year, the Paris street where he lived was renamed for this ""Hunchback of Notre Dame"" author"
"tortillaflat","At the end of this Steinbeck novel, Danny's friends burn his house as a tribute to him"
"danbrown","His 2009 novel ""The Lost Symbol"" once again features protagonist Robert Langdon"
"blindside","Michael Oher's book ""I Beat the Odds"" is subtitled ""From Homelessness to"" this other book title ""and Beyond"
"kurtvonnegut","Welcome to the Monkey House"" is a collection of his stories"
"candacebushnell","Meet Carrie before Sex and the City"" says the cover of ""The Carrie Diaries"" by this author"
"wapshot","This name precedes ""Chronicle"" and ""Scandal"" in titles by John Cheever"
"barbarabush","Millie's Book..."", published in September 1990, is by the presidential dog, as dictated to her"
"johnupdike","His fourth and he says final Rabbit Angstrom novel is ""Rabbit at Rest"
"herodexperiment","Robert Rimmer added a new epilogue to the 25th anniversary edition of his novel about this ""Experiment"
"jamesellroy","Author of 1987's ""The Black Dahlia"", he calls himself ""the demon dog of American literature"
"mariopuzo","Taking over for this late author, in 2004 Mark Winegardner published ""The Godfather Returns"
"hours","This Virginia Woolf-inspired novel earned Michael Cunningham the 1999 Pulitzer Prize for fiction"
"shirleyjackson","In a review for Esquire, Dorothy Parker highly praised this author and her ""Haunting of Hill House"
"janeausten","She dedicated her 1816 novel ""Emma"" to his royal highness, the Prince Regent"
"littleeva","In ""Uncle Tom's Cabin"", Evangeline St. Clair is better known by this nickname"
"sanfrancisco","It's the city in Armistead Maupin's ""Tales of the City"
"williamfaulkner","A degenerate bootlegger named Popeye abducts college coed Temple Drake in his 1931 novel ""Sanctuary"
"exodus","To research this 1958 novel, Leon Uris reportedly traveled about 12,000 miles in Israel"
"michaelcrichton","In 1993 this author sold the film rights to ""Disclosure"" for about $3.5 million before it had been published"
"jacquelinesusann","At the time of her death in 1974, she was writing a sequel to ""Every Night, Josephine!"
"mickeyspillane","Sadly, this author who hammered out the Mike Hammer novels passed away in 2006"
"sigmundfreud","Irving Stone's 1971 bestseller ""The Passions of the Mind"" was a fictionalized ""Novel of"" this man"
"johnupdike","With his ""Rabbit At Rest"", he turned to today's news for his 2006 novel ""Terrorist"
"stephenking","Peter Straub and this master of horror were good friends long before they collaborated on ""The Talisman"
"trumancapote","Kurt Vonnegut wrote ""Breakfast of Champions"" and he wrote ""Breakfast at Tiffany's"
"exodus","Leon Uris titled Book I of this novel ""Beyond Jordan"
"acat","Sheila Burnford wrote about 2 dogs and one of these animals on an ""Incredible Journey"
"bretharte","His story ""The Outcasts of Poker Flat"" appeared in 1869 in the Overland Monthly, which he edited"
"thinman","The title of this Dashiell Hammett novel refers to the chap Nick and Nora Charles are looking for"
"frankherbert","The last of his many science fiction novels published during his lifetime was ""Chapterhouse: Dune"" in 1985"
"davebarry","In a 1996 book this humor columnist found himself ""In Cyberspace"
"plagiarism","Reason for the 2006 recall of the novel ""How Opal Mehta Got Kissed, Got Wild and Got A Life"
"ericajong","Her next book after ""Fear of Flying"" was a poetry collection, ""Loveroot"
"neverendingstory","Artax was Atreyu's mount in this ""interminable"" kids tale"
"chuckpalahniuk","This ""Fight Club"" author's book ""Rant"" is described as the ""oral biography"" of a serial killer"
"mrsdalloway","This book by Virginia Woolf inspired Michael Cunningham's novel ""The Hours"
"goodbyecolumbus","The first line of this Philip Roth novella is ""The first time I saw Brenda she asked me to hold her glasses"
"albertcamus","His ""Myth of Sisyphus"" outlined his theory of the absurd"
"borispasternak","Published in 1931, ""Safe Conduct"" is an autobiographical work by this ""Doctor Zhivago"" author"
"josephheller","God Knows"", a 1984 novel by this ""Catch-22"" author, is a satire narrated by King David"
"nationalvelvet","Enid Bagnold wrote this classic tale of a young equestrian and the horse she wins in a raffle"
"stephenking","1990 bestsellers included Sidney Sheldon's ""Memories of Midnight"" and this author's ""Four Past Midnight"
"deankoontz","In 1997 this author of ""Watchers"" and ""Intensity"" published a new thriller, ""Sole Survivor"
"thomaswolfe","His ""The Bonfire of the Vanities"" was first published as a serial in Rolling Stone"
"jazz","Type of music that's the title of Toni Morrison's 1992 novel set in 1926 Harlem"
"threemusketeers","In a classic book, d'Artagnan hopes to serve as a guard to King Louis XIII and is befriended by this title group"
"pynchon","Tyrone Slothrop is a central character in his novel ""Gravity's Rainbow"
"ellison","This ""Invisible Man"" author was working on a novel called ""Juneteenth"" when he died in 1994"
"josephconrad","In 1912 this Polish-born author shared with readers ""The Secret Sharer"", a short story in English"
"tomclancy","In 1998 he brought back ex-Navy Seal and former CIA agent John Clark in the techno-thriller ""Rainbow Six"
"rainmaker","This John Grisham bestseller about corruption in the insurance business was turned into a 1997 film"
"isaacasimov","His 1950 classic ""I, Robot"" contains 9 related stories about (what else?) robots"
"margarettruman","She's written about her father and ""Women of Courage"" as well as of ""Murder in Georgetown"
"plague","This Camus novel is known in French as ""La Peste"
"thomashardy","He left his heart and the remains of 2 wives ""Far From The Madding Crowd"" at Stinsford Church near Dorchester"
"normanmailer","This late author of controversial books like ""Oswald's Tale"" had 6 wives, including the one he stabbed"
"finneganswake","This James Joyce work is a dream sequence in the minds of the Earwicker family"
"johnsteinbeck","The author who wrote ""Cannery Row in Monterey in California is a poem, a stink"
"hermanmelville","His book, ""Omoo"", is subtitled ""Adventures in the South Seas"
"williamsaroyan","Pulitzer Prize-winning playwright who wrote the novel ""The Human Comedy"
"manchuriancandidate","It's Richard Condon's 1959 suspense novel about Raymond Shaw, an ex-POW programmed to be an assassin"
"alaska","This state was the setting for Edna Ferber's novel ""Ice Palace"
"billykid","This legendary outlaw is the subject of Larry McMurtry's novel ""Anything for Billy"
"rudyardkipling","Bombay-born author whose 1st novel was ""The Light That Failed"
"rachelcarson","Biologist whose most famous work was ""Silent Spring"
"china","J.G. Ballard's experiences in this country during World War II shaped his novel ""Empire of the Sun"
"hermanwouk","He dedicated ""The Winds of War"": ""With Love to my sons Nathaniel and Joseph"
"mariopuzo","This author continued the saga of the Corleones in his novel ""The Sicilian"
"beingthere","The Jerzy Kozinski novel that opens with, ""It was Sunday.  Chance was in the garden"
"artemis","First name of young Mr. Fowl, whose adventures include ""The Time Paradox"" and ""The Lost Colony"
"wicked","This Gregory Maguire novel that inspired a musical is the biography of a certain Witch of the West"
"compass","Philip Pullman's trilogy ""His Dark Materials"" begins with ""The Golden"" this"
"laurenconrad","In 2009 she headed out of ""The Hills"" and published her first novel, ""L.A. Candy"
"benedict","In a book by Trenton Lee Stewart, 4 gifted kids answer an ad and become ""The Mysterious"" this ""Society"
"billmurray","This actor's book ""Cinderella Story: My Life in Golf"" gets its title from one of his lines in the movie ""Caddyshack"
"deankoontz","Books by this master of horror include ""The Door to December"" and ""Demon Seed"
"sidneysheldon","This author of ""The Other Side of Midnight"" co-wrote the screenplay for ""Easter Parade"
"georgeeliot","She created Adam Bede, Silas Marner and Daniel Deronda"
"johngray","He told us that ""Men are from Mars, Women are from Venus"" and ""Children are from Heaven"
"end","Appropriately, it's the title of the 13th and final book in ""A Series of Unfortunate Events"
"princessmia","In Meg Cabot's ""Valentine Princess"", this girl's grandmere disapproves of her boyfriend Michael"
"aprils","In a book by Irene Hunt, 9-year-old Jethro Creighton lives during the Civil War, which lasts ""Across Five"" of these months"
"fahrenheit","Guy Montag is a fireman whose job is to burn books in this classic by Ray Bradbury"
"bookthief","Death narrates this novel about Liesel Meminger, who steals reading material during WWII"
"mariopuzo","This ""Godfather"" author calls ""The Fortunate Pilgrim"", re-released in 1997, his best book"
"royals","Title of Kitty Kelley's 1997 bestseller about Britain's House of Windsor"
"bigsleep","Perchance to Dream"" with Philip Marlowe, is Robert B. Parker's sequel to this Raymond Chandler novel"
"benjamindisraeli","The hero of this prime minister's 1846 novel ""Coningsby"" is the orphaned grandson of a lord"
"crimeanwar","Tolstoy fought in the siege of Sevastopol during this war, which inspired his ""Sevastopol Sketches"
"remembrance","Tolstoy wrote ""War And Peace""; Herman Wouk wrote ""War And...."" this"
"jamesclavell","His 1993 novel ""Gai-Jin"" takes place in 19th century Japan"
"hotel","The elegant St. Gregory is the setting for this 1965 Arthur Hailey bestseller"
"judithmichael","Using their first names, it's the pen name of the husband and wife team who wrote ""Deceptions"" and ""Pot Of Gold"
"michaelcrichton","He brought back the dinosaurs in ""Jurassic Park"" and ""The Lost World"
"mariopuzo","In 1996 he offered up ""The Last Don"", a novel readers can't refuse"
"annerice","She leaves vampires behind for the tale of an ancient Babylonian spirit in ""Servant of the Bones"
"tomclancy","As his novel ""Executive Orders"" begins, Jack Ryan has just become president of the U.S."
"daniellesteel","Among her many bestsellers are ""Full Circle"", ""Wanderlust"" and 1995's ""Five Days in Paris"
"heaven","In 2003 Mitch Albom had a No. 1 bestseller with ""The Five People You Meet"" here"
"raybradbury","In 1947 he published his first story collection, ""Dark Carnival""; the ""Martian Chronicles"" came 3 years later"
"sweden","In Willa Cather's ""O Pioneers!"", the heroine Alexandra Bergson is of immigrant stock from this country"
"colorado","James Michener's ""Centennial"" centers on a fictional town in this state"
"cormacmccarthy","In 2007 his book ""The Road"" earned him a Pulitzer Prize and entry into Oprah's Book Club"
"georgeorwell","Disillusioned by the Spanish Civil War, this British author wrote against totalitarianism in ""Animal Farm"
"aynrand","She dedicated both ""Atlas Shrugged"" and ""The Fountainhead"" to Frank O'Connor"
"edithwharton","This Edith Frome New York City penned ""Ethan Frome"" in 1911"
"georgeeliot","She wrote about her early life in' ""The Mill On The Floss"
"johngrisham","In 2003 he returned with a new legal thriller, ""The King of Torts"
"peterbenchley","His 1994 novel ""White Shark"" didn't have quite the same bite as his ""Jaws"
"casinoroyale","In the U.S. Ian Fleming took a gamble and published this first novel of his under the title ""You Asked For It"
"poisonwoodbible","In the beginning was this Barbara Kingsolver saga of a Southern missionary and his family in the Belgian Congo"
"suegrafton","In 2004 she bounced back onto the bestseller list with ""R is for Ricochet"
"belljar","Ring in"" if you know that this was Sylvia Plath's only novel"
"robertludlum","In ""Bourne Legacy"", Eric van Lustbader brings this late author's Jason Bourne out of retirement again"
"irvingstone","Books like ""Lust for Life"" earned him the nickname ""King of the Biographical Novel"
"hermanmelville","An 1853 fire at his publisher's warehouse burned the remaining stock of his books, including ""Moby Dick"
"uncleremus","Joel Chandler Harris' book of this character's songs and sayings was subtitled ""Legends of the Old Plantation"
"williamfaulkner","This Mississippian's first novel, ""Soldier's Pay"", was recommended to a publisher by Sherwood Anderson"
"raybradbury","He wrote the screenplay to the 1983 Disney film ""Something Wicked This Way Comes"", which was based on his 1962 novel"
"gustauveflaubert","Both he and the publisher of his ""Madame Bovary"" were acquited on charges of immorality"
"christopherisherwood","Sally Bowles, a minimally talented nightclub singer, is the heroine of his ""Goodbye To Berlin"" stories"
"georgeorwell","1984"" was a 1949 book by Eric Blair written under this pen name"
"sidcaesar","Where Have I Been?"" was the 1982 autobiography of this ""Your Show of Shows"" comedian"
"boothtarkington","He followed his novel ""Monsieur Beaucaire"" with a term in the Indiana state legislature"
"louisnizer","An incident from his book ""My Life in Court"" inspired the stage play ""A Case of Libel"
"stephenking","In 1996 he simultaneously published ""The Regulators"" as Richard Bachman and ""Desperation"" under this name"
"blacksunday","The Silence of the Lambs"" author Thomas Harris wrote this novel about a plot to blow up the Super Bowl"
"shelsilverstein","1996's ""Falling Up"" is the first new verse collection in 15 years by this author of ""The Giving Tree"
"rightstuff","Tom Wolfe's award-winning book about our first astronauts, or what he proved he had by penning it"
"jamespatterson","His Alex Cross thrillers include ""Roses are Red"" and ""Violets are Blue"
